index,역명,미세먼지,이산화탄소,폼알데하이드,일산화탄소,총 승객수,연도
0.0,서울,86.9,676.0,25.7,0.6,137657.0,7123
1.0,시청,102.0,535.0,33.7,0.5,58210.0,7123
2.0,종각,79.4,562.0,35.0,0.6,85411.0,7123
3.0,동대문,89.4,566.0,28.5,0.7,62261.0,7123
4.0,동묘앞,93.6,606.0,32.0,0.5,40550.0,7123
5.0,신설동,97.1,564.0,44.5,0.4,30975.0,7123
6.0,제기동,98.7,518.0,12.0,0.5,28119.0,7123
7.0,청량리,89.5,503.0,32.5,0.6,78953.0,7123
8.0,시청,88.3,606.0,19.0,0.4,58210.0,7123
9.0,을지로입구,89.1,549.0,34.0,0.5,77013.0,7123
10.0,동대문역사문화공원,77.2,622.0,13.9,0.7,74147.0,7123
11.0,신당,68.7,526.0,21.7,0.5,30617.0,7123
12.0,상왕십리,82.8,465.0,31.0,0.8,15563.0,7123
13.0,왕십리,87.1,489.0,27.0,0.7,58964.0,7123
14.0,잠실,76.2,668.0,27.3,0.6,260055.0,7123
15.0,잠실새내,88.8,447.0,31.0,0.6,43154.0,7123
16.0,종합운동장,82.2,463.0,11.3,0.5,35906.0,7123
17.0,삼성,77.0,604.0,8.0,0.6,106691.0,7123
18.0,선릉,82.0,667.0,12.5,0.6,35697.0,7123
19.0,역삼,87.7,584.0,32.5,0.6,26963.0,7123
20.0,강남,91.7,685.0,34.0,0.7,113425.0,7123
21.0,교대,92.9,602.0,29.0,0.8,34157.0,7123
22.0,서초,92.4,538.0,19.5,0.7,36228.0,7123
23.0,방배,89.4,507.0,27.5,0.6,18955.0,7123
24.0,사당,92.4,496.0,36.3,0.5,89078.0,7123
25.0,낙성대,98.8,517.0,35.0,0.5,35824.0,7123
26.0,서울대입구,91.7,530.0,15.0,0.5,64303.0,7123
27.0,봉천,91.0,443.0,20.5,0.5,27782.0,7123
28.0,신림,100.3,508.0,18.0,0.5,99503.0,7123
29.0,신도림,85.9,531.0,19.0,0.8,87422.0,7123
30.0,문래,89.1,475.0,25.0,0.6,16138.0,7123
31.0,영등포구청,86.5,516.0,15.0,0.6,20695.0,7123
32.0,합정,89.8,565.0,21.0,0.7,74347.0,7123
33.0,홍대입구,84.3,658.0,23.0,0.8,200393.0,7123
34.0,신촌,81.6,589.0,35.0,0.9,80303.0,7123
35.0,이대,81.3,453.0,18.0,0.5,28692.0,7123
36.0,아현,90.3,451.0,30.0,0.4,12667.0,7123
37.0,충정로,88.7,486.0,26.3,0.5,13808.0,7123
38.0,도림천,87.0,418.0,24.5,0.4,891.0,7123
39.0,양천구청,89.6,450.0,22.5,0.5,7620.0,7123
40.0,신정네거리,90.7,467.0,29.5,0.9,11864.0,7123
41.0,신설동,94.5,531.0,29.3,0.5,30975.0,7123
42.0,용두,84.5,421.0,19.5,0.4,2827.0,7123
43.0,구파발,89.1,584.0,29.5,0.4,26592.0,7123
44.0,연신내,96.7,593.0,18.0,0.4,56779.0,7123
45.0,무악재,96.4,618.0,43.5,0.7,4763.0,7123
46.0,독립문,95.0,562.0,46.5,0.5,10969.0,7123
47.0,경복궁,85.7,605.0,57.0,0.6,33356.0,7123
48.0,충무로,96.2,683.0,35.0,0.5,29264.0,7123
49.0,동대입구,89.5,609.0,15.0,0.5,18414.0,7123
50.0,압구정,65.5,616.0,28.0,0.8,36028.0,7123
51.0,고속터미널,77.4,923.0,21.0,0.8,162039.0,7123
52.0,남부터미널,76.2,655.0,19.0,0.7,40412.0,7123
53.0,학여울,75.5,558.0,22.0,0.7,1742.0,7123
54.0,가락시장,76.2,597.0,31.3,0.6,20740.0,7123
55.0,경찰병원,82.2,575.0,12.5,0.8,7070.0,7123
56.0,미아사거리,90.0,548.0,30.0,0.8,42090.0,7123
57.0,성신여대입구,93.1,620.0,51.0,0.8,38177.0,7123
58.0,한성대입구,102.6,563.0,28.0,0.8,19742.0,7123
59.0,동대문,100.1,671.0,25.7,0.8,62261.0,7123
60.0,동대문역사문화공원,95.0,722.0,47.3,0.6,74147.0,7123
61.0,충무로,93.7,646.0,46.0,0.7,29264.0,7123
62.0,서울,96.5,746.0,25.7,0.7,137657.0,7123
63.0,숙대입구,88.0,601.0,22.0,0.7,19748.0,7123
64.0,삼각지,93.0,644.0,26.5,0.6,14676.0,7123
65.0,신용산,91.1,587.0,38.5,0.6,17096.0,7123
66.0,총신대입구,97.8,650.0,12.5,0.6,28495.0,7123
67.0,남태령,92.6,572.0,42.0,0.6,1787.0,7123
68.0,방화,71.7,424.0,28.0,1.7,8854.0,7123
69.0,개화산,67.0,483.0,30.5,1.3,6849.0,7123
70.0,김포공항,68.7,538.0,30.0,0.5,46502.0,7123
71.0,송정,69.0,551.0,29.0,1.4,12585.0,7123
72.0,마곡,82.0,538.0,30.5,1.5,5816.0,7123
73.0,발산,96.8,440.0,35.5,1.3,17059.0,7123
74.0,우장산,83.9,518.0,17.5,0.6,16837.0,7123
75.0,화곡,72.5,418.0,28.5,0.6,34732.0,7123
76.0,까치산,54.4,621.0,35.0,0.5,38057.0,7123
77.0,신정,79.2,577.0,29.0,0.5,14756.0,7123
78.0,목동,65.0,458.0,18.0,0.7,19338.0,7123
79.0,오목교,69.5,617.0,32.3,0.6,32363.0,7123
80.0,양평,61.0,429.0,30.5,0.7,11146.0,7123
81.0,영등포구청,63.2,631.0,30.8,0.9,20695.0,7123
82.0,영등포시장,72.9,529.0,29.0,0.8,11872.0,7123
83.0,신길,72.9,609.0,20.3,0.5,14978.0,7123
84.0,여의도,64.3,615.0,41.7,0.7,27342.0,7123
85.0,여의나루,71.0,496.0,36.7,0.7,15700.0,7123
86.0,마포,75.8,548.0,22.5,0.7,11320.0,7123
87.0,공덕,67.8,598.0,24.0,0.5,33528.0,7123
88.0,애오개,80.1,608.0,30.0,0.5,6759.0,7123
89.0,충정로,64.5,486.0,24.7,0.2,13808.0,7123
90.0,서대문,76.1,406.0,30.5,0.6,12208.0,7123
91.0,광화문,81.2,633.0,44.0,0.9,52177.0,7123
92.0,동대문역사문화공원,87.4,665.0,35.5,0.2,74147.0,7123
93.0,청구,70.8,568.0,29.0,0.5,7800.0,7123
94.0,신금호,74.9,424.0,23.0,0.6,7081.0,7123
95.0,행당,80.4,642.0,27.5,0.6,9343.0,7123
96.0,왕십리,70.4,477.0,36.3,0.5,58964.0,7123
97.0,마장,73.9,393.0,28.5,0.7,7211.0,7123
98.0,답십리,69.4,482.0,18.0,0.4,18620.0,7123
99.0,장한평,83.7,560.0,32.5,0.6,21104.0,7123
100.0,군자,72.1,594.0,32.0,0.6,31189.0,7123
101.0,아차산,74.7,395.0,27.5,0.4,20256.0,7123
102.0,광나루,93.9,403.0,30.0,0.6,16459.0,7123
103.0,천호,72.4,418.0,34.7,0.4,62708.0,7123
104.0,강동,91.0,486.0,35.0,0.8,21271.0,7123
105.0,길동,83.0,554.0,33.0,0.5,10164.0,7123
106.0,굽은다리,78.5,463.0,26.5,0.4,12653.0,7123
107.0,명일,85.7,494.0,33.5,0.7,10690.0,7123
108.0,고덕,79.2,437.0,28.0,0.7,9608.0,7123
109.0,상일동,84.8,431.0,27.0,0.4,10958.0,7123
110.0,둔촌동,78.3,483.0,35.0,0.8,12946.0,7123
111.0,올림픽공원,88.5,595.0,31.5,0.9,6775.0,7123
112.0,방이,85.9,472.0,43.5,0.6,8655.0,7123
113.0,오금,82.0,545.0,19.5,0.8,10160.0,7123
114.0,개롱,78.3,437.0,56.5,0.7,7191.0,7123
115.0,거여,73.1,548.0,35.5,0.5,7617.0,7123
116.0,마천,72.3,661.0,37.5,0.4,6909.0,7123
117.0,응암,90.4,531.0,34.0,1.0,22616.0,7123
118.0,역촌,86.9,515.0,36.5,0.7,5441.0,7123
119.0,불광,90.4,656.0,46.0,0.7,36038.0,7123
120.0,독바위,71.0,356.0,35.0,1.0,3853.0,7123
121.0,연신내,83.6,588.0,49.0,0.8,56779.0,7123
122.0,구산,80.7,436.0,47.0,0.7,8470.0,7123
123.0,새절,81.5,456.0,34.0,0.7,15785.0,7123
124.0,증산,86.7,442.0,30.5,0.7,13561.0,7123
125.0,디지털미디어시티,73.7,500.0,44.7,0.5,23041.0,7123
126.0,월드컵경기장,67.6,437.0,28.0,0.2,11660.0,7123
127.0,마포구청,79.4,475.0,43.0,0.6,13881.0,7123
128.0,망원,68.7,478.0,43.5,0.4,18509.0,7123
129.0,합정,81.7,484.0,47.7,0.2,74347.0,7123
130.0,상수,76.8,504.0,29.0,0.3,20552.0,7123
131.0,광흥창,85.5,477.0,21.0,0.1,10182.0,7123
132.0,대흥,70.6,463.0,29.0,0.6,7817.0,7123
133.0,공덕,79.5,609.0,25.0,0.4,33528.0,7123
134.0,효창공원앞,81.2,441.0,37.0,0.4,9529.0,7123
135.0,삼각지,71.6,457.0,51.3,0.4,14676.0,7123
136.0,녹사평,84.2,442.0,33.7,0.6,13361.0,7123
137.0,이태원,73.7,566.0,44.0,0.6,55608.0,7123
138.0,한강진,76.1,412.0,42.0,0.9,14808.0,7123
139.0,버티고개,71.4,390.0,18.0,0.5,2779.0,7123
140.0,약수,81.3,500.0,21.5,0.9,20566.0,7123
141.0,청구,81.3,452.0,32.0,0.6,7800.0,7123
142.0,신당,68.9,515.0,34.3,1.2,30617.0,7123
143.0,동묘앞,69.0,482.0,42.3,0.8,40550.0,7123
144.0,창신,72.0,418.0,71.0,0.6,3545.0,7123
145.0,보문,70.0,465.0,94.4,0.8,10748.0,7123
146.0,안암,76.0,520.0,52.5,0.7,12179.0,7123
147.0,고려대,77.3,424.0,51.0,0.7,9616.0,7123
148.0,월곡,65.9,443.0,52.5,0.7,14069.0,7123
149.0,상월곡,81.9,403.0,30.5,0.6,7146.0,7123
150.0,돌곶이,80.8,400.0,25.5,0.5,9929.0,7123
151.0,석계,82.4,467.0,15.3,0.9,29894.0,7123
152.0,태릉입구,84.7,421.0,26.7,0.8,16121.0,7123
153.0,화랑대,86.5,435.0,27.3,0.7,11187.0,7123
154.0,봉화산,74.3,404.0,17.5,0.9,9961.0,7123
155.0,수락산,85.3,435.0,48.7,0.7,18399.0,7123
156.0,마들,91.1,452.0,68.0,0.7,12413.0,7123
157.0,노원,84.3,495.0,29.0,0.7,66652.0,7123
158.0,중계,78.7,438.0,31.5,0.9,18007.0,7123
159.0,하계,80.3,473.0,58.5,0.7,24959.0,7123
160.0,공릉,79.3,434.0,67.0,0.4,15071.0,7123
161.0,태릉입구,83.4,469.0,29.7,0.8,16121.0,7123
162.0,먹골,78.6,427.0,41.0,0.8,12597.0,7123
163.0,중화,72.5,450.0,36.0,0.6,13388.0,7123
164.0,상봉,77.7,441.0,20.5,0.3,32466.0,7123
165.0,면목,91.2,471.0,37.5,0.4,19218.0,7123
166.0,사가정,87.0,574.0,32.0,0.7,20354.0,7123
167.0,용마산,71.4,500.0,30.0,0.8,7729.0,7123
168.0,중곡,81.7,411.0,35.0,1.0,12245.0,7123
169.0,군자,77.5,613.0,39.0,0.8,31189.0,7123
170.0,어린이대공원,73.4,494.0,16.0,0.9,17813.0,7123
171.0,건대입구,74.6,456.0,33.3,1.0,111768.0,7123
172.0,청담,73.5,487.0,17.3,0.9,16219.0,7123
173.0,강남구청,77.1,586.0,24.0,0.8,16556.0,7123
174.0,학동,77.2,455.0,32.5,0.8,14304.0,7123
175.0,논현,80.4,449.0,15.0,0.9,14928.0,7123
176.0,반포,77.9,503.0,12.7,0.9,6641.0,7123
177.0,고속터미널,80.1,694.0,11.3,1.0,162039.0,7123
178.0,내방,87.5,519.0,7.0,1.0,11586.0,7123
179.0,남성,71.6,531.0,16.5,0.9,12850.0,7123
180.0,숭실대입구,77.4,483.0,14.5,0.7,13870.0,7123
181.0,상도,75.7,453.0,13.0,0.9,12053.0,7123
182.0,장승배기,73.8,418.0,19.5,0.9,13086.0,7123
183.0,신대방삼거리,79.5,403.0,17.5,0.8,17925.0,7123
184.0,보라매,72.2,410.0,14.5,0.5,8407.0,7123
185.0,신풍,71.4,398.0,20.0,1.0,16075.0,7123
186.0,대림,87.1,507.0,13.5,0.8,79538.0,7123
187.0,남구로,88.3,461.0,13.5,1.1,22041.0,7123
188.0,가산디지털단지,77.1,491.0,25.3,0.8,41030.0,7123
189.0,철산,72.9,479.0,13.5,0.6,29191.0,7123
190.0,광명사거리,92.9,503.0,20.0,1.4,36911.0,7123
191.0,천왕,78.8,413.0,16.3,0.5,9573.0,7123
192.0,온수,72.2,400.0,29.7,0.2,19067.0,7123
193.0,암사,82.9,457.0,16.0,1.2,21298.0,7123
194.0,천호,72.8,442.0,31.5,0.8,62708.0,7123
195.0,강동구청,77.7,489.0,12.0,1.2,12153.0,7123
196.0,몽촌토성,85.5,749.0,19.0,0.9,12483.0,7123
197.0,잠실,76.9,666.0,23.3,0.9,260055.0,7123
198.0,석촌,92.0,702.0,23.5,1.0,15512.0,7123
199.0,송파,84.1,445.0,20.0,0.7,6184.0,7123
200.0,가락시장,78.7,452.0,25.0,1.0,20740.0,7123
201.0,문정,84.6,520.0,24.0,1.1,8729.0,7123
202.0,장지,82.8,588.0,22.0,1.1,27210.0,7123
203.0,복정,85.3,546.0,23.0,0.9,13443.0,7123
204.0,산성,77.5,391.0,25.0,0.7,7713.0,7123
205.0,남한산성입구,75.1,530.0,23.0,0.9,15118.0,7123
206.0,단대오거리,69.8,450.0,21.0,0.8,13931.0,7123
207.0,신흥,82.1,514.0,23.0,0.6,7802.0,7123
208.0,수진,75.8,512.0,30.5,1.0,8433.0,7123
209.0,모란,77.2,482.0,11.0,0.7,35348.0,7123
0.0,서울,82.6,522.0,6.5,0.9,194273.0,8123
1.0,시청,96.3,691.0,5.5,0.9,113670.0,8123
2.0,종각,93.0,515.0,6.9,1.0,124961.0,8123
3.0,동대문,89.2,565.0,9.3,1.1,77584.0,8123
4.0,동묘앞,77.5,560.0,10.1,1.2,38380.0,8123
5.0,신설동,92.0,574.0,7.9,1.0,45600.0,8123
6.0,제기동,98.0,528.0,9.7,0.9,43699.0,8123
7.0,청량리,84.9,518.0,11.4,1.4,96804.0,8123
8.0,시청,85.9,697.0,9.7,1.0,113670.0,8123
9.0,을지로입구,84.1,617.0,9.2,1.1,121523.0,8123
10.0,동대문역사문화공원,77.6,525.0,8.7,1.4,94342.0,8123
11.0,신당,84.0,581.0,7.1,1.6,46185.0,8123
12.0,상왕십리,99.6,501.0,9.9,1.7,28121.0,8123
13.0,왕십리,66.1,536.0,12.2,1.2,86156.0,8123
14.0,잠실,79.3,707.0,16.4,1.2,238075.0,8123
15.0,잠실새내,84.4,512.0,12.4,1.3,54556.0,8123
16.0,종합운동장,77.3,462.0,4.9,0.9,24902.0,8123
17.0,삼성,74.3,600.0,7.3,1.2,159643.0,8123
18.0,선릉,87.1,729.0,8.5,1.2,124246.0,8123
19.0,역삼,87.8,589.0,8.7,1.5,88327.0,8123
20.0,강남,86.7,783.0,17.2,1.5,203667.0,8123
21.0,교대,93.8,660.0,10.0,1.6,89374.0,8123
22.0,서초,87.2,510.0,7.3,1.0,47451.0,8123
23.0,방배,78.7,508.0,8.4,1.3,33629.0,8123
24.0,사당,92.0,588.0,8.0,1.1,132652.0,8123
25.0,낙성대,85.6,532.0,10.9,1.0,56860.0,8123
26.0,서울대입구,72.6,478.0,9.5,0.9,105795.0,8123
27.0,봉천,85.0,489.0,10.0,1.0,47595.0,8123
28.0,신림,86.0,537.0,3.4,1.0,141525.0,8123
29.0,신도림,78.7,498.0,3.2,0.7,125209.0,8123
30.0,문래,87.7,471.0,2.2,0.9,40128.0,8123
31.0,도림천,84.5,456.0,2.7,0.9,2150.0,8123
32.0,양천구청,75.7,405.0,5.4,0.8,13455.0,8123
33.0,신정네거리,80.0,489.0,5.3,1.0,19014.0,8123
34.0,영등포구청,87.7,484.0,3.8,0.9,51609.0,8123
35.0,합정,79.0,560.0,6.6,0.9,102172.0,8123
36.0,홍대입구,86.3,839.0,13.7,1.1,229901.0,8123
37.0,신촌,84.9,522.0,7.4,1.1,106476.0,8123
38.0,이대,83.0,466.0,6.7,1.1,42060.0,8123
39.0,아현,84.3,492.0,6.7,1.3,20382.0,8123
40.0,충정로,86.0,461.0,4.8,1.0,30482.0,8123
41.0,신설동,95.7,396.0,1.7,1.0,45600.0,8123
42.0,용두,87.1,839.0,0.0,1.1,5118.0,8123
43.0,구파발,90.8,452.0,7.3,0.6,39622.0,8123
44.0,연신내,87.9,546.0,11.8,0.6,85974.0,8123
45.0,불광,77.6,523.0,6.8,0.6,51856.0,8123
46.0,녹번,89.4,442.0,7.5,0.6,24565.0,8123
47.0,홍제,92.9,482.0,10.7,0.6,37402.0,8123
48.0,무악재,91.1,423.0,11.0,0.5,7753.0,8123
49.0,독립문,89.6,461.0,13.7,0.7,15041.0,8123
50.0,경복궁,87.6,498.0,15.0,0.6,48317.0,8123
51.0,안국,79.6,574.0,11.8,0.6,45718.0,8123
52.0,오금,80.6,508.0,6.7,0.6,18194.0,8123
53.0,경찰병원,75.0,458.0,8.9,0.6,15134.0,8123
54.0,가락시장,76.9,444.0,6.3,0.4,36748.0,8123
55.0,수서,83.6,626.0,3.3,0.6,61808.0,8123
56.0,일원,90.4,412.0,6.9,0.5,18858.0,8123
57.0,대청,77.7,396.0,10.9,0.4,18636.0,8123
58.0,학여울,82.2,396.0,8.9,0.6,3228.0,8123
59.0,대치,81.0,427.0,7.3,0.4,24914.0,8123
60.0,도곡,108.0,471.0,7.6,0.4,23077.0,8123
61.0,매봉,86.4,422.0,6.7,0.5,20523.0,8123
62.0,양재,78.9,485.0,4.5,0.9,74210.0,8123
63.0,남부터미널,63.1,465.0,4.7,0.6,66890.0,8123
64.0,교대,76.8,705.0,10.7,0.9,89374.0,8123
65.0,고속터미널,89.9,724.0,10.4,0.9,201646.0,8123
66.0,잠원,65.9,398.0,5.5,0.6,12181.0,8123
67.0,신사,80.5,525.0,7.2,0.8,73016.0,8123
68.0,압구정,69.5,534.0,7.0,0.8,71915.0,8123
69.0,금호,72.6,436.0,8.6,0.6,16913.0,8123
70.0,약수,78.2,506.0,9.8,0.8,35596.0,8123
71.0,동대입구,78.2,436.0,11.8,0.8,25211.0,8123
72.0,충무로,86.3,459.0,10.5,1.1,66054.0,8123
73.0,쌍문,85.1,522.0,6.1,0.8,63168.0,8123
74.0,수유,77.7,481.0,5.2,0.6,81545.0,8123
75.0,미아,83.4,417.0,7.4,0.6,34117.0,8123
76.0,미아사거리,83.1,563.0,25.9,0.7,61976.0,8123
77.0,길음,81.0,467.0,28.1,0.6,42419.0,8123
78.0,성신여대입구,71.8,516.0,5.5,0.6,57186.0,8123
79.0,한성대입구,76.7,460.0,13.1,0.6,28963.0,8123
80.0,혜화,88.8,586.0,6.8,0.6,88496.0,8123
81.0,동대문역사문화공원,94.7,523.0,21.9,0.5,94342.0,8123
82.0,동대문,93.2,429.0,16.0,0.6,77584.0,8123
83.0,충무로,86.6,533.0,22.8,0.6,66054.0,8123
84.0,명동,94.8,658.0,15.2,1.0,100234.0,8123
85.0,회현,89.4,433.0,15.5,0.9,58180.0,8123
86.0,서울,101.7,540.0,14.7,1.0,194273.0,8123
87.0,숙대입구,92.5,432.0,12.0,0.9,31204.0,8123
88.0,삼각지,86.0,488.0,7.8,1.0,20786.0,8123
89.0,신용산,83.7,432.0,10.0,1.3,33391.0,8123
90.0,이촌,84.2,429.0,8.9,0.9,30960.0,8123
91.0,총신대입구,96.8,547.0,9.2,1.1,45800.0,8123
92.0,사당,89.9,585.0,9.8,1.0,132652.0,8123
93.0,남태령,91.4,448.0,4.9,0.8,2568.0,8123
94.0,방화,69.5,525.0,7.7,1.0,14318.0,8123
95.0,개화산,60.2,528.0,8.2,1.2,11530.0,8123
96.0,김포공항,78.5,576.0,9.6,1.3,55279.0,8123
97.0,송정,65.0,518.0,6.2,1.4,17964.0,8123
98.0,마곡,76.4,506.0,9.3,1.2,11604.0,8123
99.0,발산,85.3,522.0,6.1,1.3,31555.0,8123
100.0,우장산,76.3,533.0,8.1,0.9,30343.0,8123
101.0,화곡,70.3,499.0,7.2,1.1,58688.0,8123
102.0,까치산,69.1,552.0,7.0,1.3,60327.0,8123
103.0,신정,68.9,534.0,5.9,1.3,25697.0,8123
104.0,목동,63.9,504.0,5.3,1.1,37278.0,8123
105.0,오목교,66.9,625.0,7.0,1.3,53093.0,8123
106.0,양평,69.2,481.0,4.9,1.1,19939.0,8123
107.0,영등포구청,74.8,622.0,6.2,1.5,51609.0,8123
108.0,영등포시장,73.1,536.0,5.7,1.4,20274.0,8123
109.0,신길,82.9,660.0,6.9,1.3,24109.0,8123
110.0,여의도,73.7,876.0,8.3,1.4,88536.0,8123
111.0,여의나루,66.7,485.0,5.5,1.3,14100.0,8123
112.0,마포,72.7,540.0,6.1,1.4,27402.0,8123
113.0,공덕,84.1,670.0,6.3,1.5,76183.0,8123
114.0,애오개,83.1,589.0,5.0,1.7,14337.0,8123
115.0,충정로,70.3,504.0,4.6,1.1,30482.0,8123
116.0,서대문,76.9,543.0,5.0,1.3,37330.0,8123
117.0,광화문,80.4,662.0,12.0,1.6,84053.0,8123
118.0,동대문역사문화공원,95.1,543.0,9.1,1.5,94342.0,8123
119.0,청구,74.6,593.0,12.3,1.6,14680.0,8123
120.0,신금호,65.0,581.0,10.5,1.9,12942.0,8123
121.0,행당,75.1,601.0,9.4,1.9,15938.0,8123
122.0,왕십리,84.6,669.0,10.1,1.8,86156.0,8123
123.0,마장,66.0,572.0,8.6,1.3,13076.0,8123
124.0,답십리,68.4,548.0,5.4,1.5,32106.0,8123
125.0,장한평,85.5,550.0,4.2,1.7,36003.0,8123
126.0,군자,84.1,695.0,6.4,2.1,49825.0,8123
127.0,아차산,61.8,585.0,5.6,2.0,28696.0,8123
128.0,광나루,71.4,606.0,4.2,2.0,25159.0,8123
129.0,천호,79.0,556.0,5.9,1.6,85280.0,8123
130.0,강동,89.5,565.0,4.4,1.8,35788.0,8123
131.0,길동,67.6,583.0,6.4,2.3,16360.0,8123
132.0,굽은다리,77.4,555.0,6.8,2.6,19303.0,8123
133.0,명일,70.6,573.0,6.8,2.6,16311.0,8123
134.0,고덕,78.9,533.0,4.3,1.9,18900.0,8123
135.0,상일동,69.4,562.0,3.9,1.9,20368.0,8123
136.0,둔촌동,88.4,519.0,5.8,2.1,18397.0,8123
137.0,올림픽공원,82.1,492.0,7.8,2.3,28855.0,8123
138.0,방이,57.9,507.0,6.7,2.4,14118.0,8123
139.0,오금,85.8,577.0,7.7,2.5,18194.0,8123
140.0,개롱,83.6,511.0,3.6,2.3,13132.0,8123
141.0,거여,80.4,514.0,3.5,2.4,14316.0,8123
142.0,마천,60.5,473.0,2.8,2.3,10415.0,8123
143.0,응암,63.4,640.0,5.2,1.6,36180.0,8123
144.0,역촌,61.9,539.0,3.0,1.4,8658.0,8123
145.0,불광,86.7,603.0,2.7,1.0,51856.0,8123
146.0,독바위,64.0,506.0,1.5,1.2,5715.0,8123
147.0,연신내,82.5,649.0,2.6,1.5,85974.0,8123
148.0,구산,67.0,613.0,1.1,1.4,13909.0,8123
149.0,새절,70.3,612.0,3.6,1.0,25406.0,8123
150.0,증산,57.9,562.0,2.1,0.9,20403.0,8123
151.0,디지털미디어시티,90.1,513.0,2.0,0.9,52550.0,8123
152.0,월드컵경기장,66.5,520.0,0.4,1.0,12636.0,8123
153.0,마포구청,78.7,683.0,2.1,1.5,27116.0,8123
154.0,망원,75.2,630.0,2.2,1.7,29259.0,8123
155.0,합정,87.4,656.0,6.2,1.1,102172.0,8123
156.0,상수,78.8,586.0,1.8,1.3,23745.0,8123
157.0,광흥창,93.0,571.0,1.1,1.1,18431.0,8123
158.0,대흥,89.8,594.0,3.3,1.5,16389.0,8123
159.0,공덕,92.0,656.0,4.4,1.5,76183.0,8123
160.0,효창공원앞,60.5,570.0,4.8,1.6,18271.0,8123
161.0,삼각지,89.6,648.0,2.4,1.3,20786.0,8123
162.0,녹사평,69.4,492.0,0.6,0.9,12970.0,8123
163.0,이태원,78.9,639.0,3.4,1.7,51632.0,8123
164.0,한강진,84.8,557.0,1.9,1.1,15660.0,8123
165.0,버티고개,66.8,494.0,0.9,1.3,4520.0,8123
166.0,약수,78.2,627.0,2.7,1.5,35596.0,8123
167.0,청구,78.4,580.0,2.0,1.6,14680.0,8123
168.0,신당,89.8,574.0,2.3,1.5,46185.0,8123
169.0,동묘앞,78.7,575.0,9.5,1.6,38380.0,8123
170.0,창신,91.2,524.0,8.7,2.3,6500.0,8123
171.0,보문,92.4,668.0,6.9,1.8,17250.0,8123
172.0,안암,81.7,615.0,12.6,1.6,26496.0,8123
173.0,고려대,59.6,579.0,10.5,1.7,18544.0,8123
174.0,월곡,71.4,541.0,11.3,1.2,23993.0,8123
175.0,상월곡,78.0,512.0,7.5,1.8,10775.0,8123
176.0,돌곶이,86.5,571.0,10.6,1.9,15996.0,8123
177.0,석계,85.3,717.0,11.5,1.6,46138.0,8123
178.0,태릉입구,92.3,550.0,7.5,1.2,26663.0,8123
179.0,화랑대,76.3,529.0,7.7,1.0,21017.0,8123
180.0,봉화산,71.8,520.0,8.8,1.3,18982.0,8123
181.0,수락산,84.6,543.0,8.6,1.1,26759.0,8123
182.0,마들,81.9,532.0,7.4,0.9,23405.0,8123
183.0,노원,82.6,662.0,11.7,1.5,101475.0,8123
184.0,중계,78.2,558.0,9.5,1.3,28847.0,8123
185.0,하계,77.1,699.0,9.8,1.6,37750.0,8123
186.0,공릉,86.3,629.0,7.9,1.0,24105.0,8123
187.0,태릉입구,86.0,573.0,11.8,1.0,26663.0,8123
188.0,먹골,81.7,548.0,9.8,1.2,21162.0,8123
189.0,중화,76.3,552.0,9.5,1.4,22899.0,8123
190.0,상봉,85.0,675.0,9.3,1.8,46701.0,8123
191.0,면목,90.1,616.0,8.4,1.2,30356.0,8123
192.0,사가정,93.2,550.0,9.1,1.0,32219.0,8123
193.0,용마산,79.8,565.0,9.8,1.2,11893.0,8123
194.0,중곡,86.0,512.0,10.1,1.3,19604.0,8123
195.0,군자,84.0,689.0,13.0,1.4,49825.0,8123
196.0,어린이대공원,77.1,627.0,10.3,1.6,25450.0,8123
197.0,건대입구,76.3,669.0,11.7,1.4,137453.0,8123
198.0,청담,79.2,660.0,15.3,1.5,39900.0,8123
199.0,강남구청,80.7,636.0,13.0,1.7,45180.0,8123
200.0,학동,80.5,603.0,18.1,1.5,37385.0,8123
201.0,논현,81.3,693.0,10.6,1.4,37126.0,8123
202.0,반포,84.0,619.0,9.5,1.2,12448.0,8123
203.0,고속터미널,86.8,677.0,8.6,1.0,201646.0,8123
204.0,내방,90.0,639.0,6.1,1.5,26717.0,8123
205.0,남성,78.0,537.0,3.4,1.3,21987.0,8123
206.0,숭실대입구,82.1,627.0,6.8,1.1,25146.0,8123
207.0,상도,79.4,595.0,6.0,1.1,20120.0,8123
208.0,장승배기,76.6,572.0,6.1,1.0,21954.0,8123
209.0,신대방삼거리,80.7,608.0,8.0,1.2,32449.0,8123
210.0,보라매,85.7,562.0,6.2,1.3,17284.0,8123
211.0,신풍,80.8,664.0,7.7,1.3,21450.0,8123
212.0,대림,94.4,713.0,7.7,1.1,84924.0,8123
213.0,남구로,90.4,628.0,11.0,1.2,32998.0,8123
214.0,가산디지털단지,86.2,608.0,14.2,1.4,100628.0,8123
215.0,철산,84.6,537.0,14.8,1.5,47812.0,8123
216.0,광명사거리,87.7,571.0,6.7,1.6,53885.0,8123
217.0,천왕,81.4,552.0,4.1,1.0,16995.0,8123
218.0,온수,76.8,547.0,7.7,1.1,31768.0,8123
219.0,암사,83.9,576.0,2.9,1.5,35383.0,8123
220.0,천호,86.2,598.0,3.2,1.4,85280.0,8123
221.0,강동구청,84.7,529.0,2.4,1.7,21660.0,8123
222.0,몽촌토성,79.1,496.0,5.2,1.3,12036.0,8123
223.0,잠실,81.5,755.0,10.2,1.4,238075.0,8123
224.0,석촌,80.6,609.0,5.1,0.9,26828.0,8123
225.0,송파,91.6,562.0,4.6,1.9,11582.0,8123
226.0,가락시장,81.0,535.0,5.7,1.6,36748.0,8123
227.0,문정,86.9,583.0,4.8,1.9,31904.0,8123
228.0,장지,82.6,523.0,7.3,1.6,38468.0,8123
229.0,복정,88.8,594.0,5.4,1.3,19891.0,8123
230.0,산성,88.0,495.0,5.5,1.0,10709.0,8123
231.0,남한산성입구,79.5,581.0,4.4,2.0,25294.0,8123
232.0,단대오거리,76.4,564.0,3.5,1.5,21394.0,8123
233.0,신흥,75.7,520.0,15.1,1.4,10198.0,8123
234.0,수진,80.1,556.0,15.3,1.1,11066.0,8123
235.0,모란,85.8,517.0,4.6,1.1,52597.0,8123
236.0,종합운동장,86.6,500.0,3.3,0.4,24902.0,8123
0.0,서울,76.4,627.0,16.4,0.6,210272.0,9123
1.0,시청,100.7,610.0,17.8,1.0,119451.0,9123
2.0,종각,99.8,687.0,20.5,0.9,122250.0,9123
3.0,동대문,99.5,561.0,17.2,1.1,80337.0,9123
4.0,동묘앞,87.4,567.0,15.9,1.1,36502.0,9123
5.0,신설동,98.5,511.0,11.2,1.1,45017.0,9123
6.0,제기동,97.8,497.0,13.7,0.8,39113.0,9123
7.0,청량리,91.5,550.0,14.4,0.7,87423.0,9123
8.0,시청,109.3,558.0,10.0,1.0,119451.0,9123
9.0,을지로입구,81.2,559.0,9.9,1.0,125321.0,9123
10.0,동대문역사문화공원,89.9,572.0,7.9,1.3,105102.0,9123
11.0,신당,95.8,563.0,7.5,1.1,49469.0,9123
12.0,상왕십리,82.0,477.0,10.6,0.8,30075.0,9123
13.0,왕십리,85.9,562.0,16.0,0.6,85687.0,9123
14.0,잠실,88.5,667.0,15.8,0.8,256037.0,9123
15.0,종합운동장,97.0,453.0,13.2,0.5,27613.0,9123
16.0,삼성,92.2,520.0,17.2,0.5,160059.0,9123
17.0,선릉,92.9,580.0,16.5,1.0,138877.0,9123
18.0,역삼,81.6,584.0,18.0,1.1,103940.0,9123
19.0,강남,78.2,736.0,24.3,1.0,210773.0,9123
20.0,교대,83.4,639.0,17.8,0.6,96780.0,9123
21.0,서초,92.8,479.0,14.9,0.5,50424.0,9123
22.0,방배,93.3,513.0,15.3,0.6,36401.0,9123
23.0,사당,87.8,605.0,9.3,1.3,138949.0,9123
24.0,낙성대,89.9,492.0,7.6,1.1,60122.0,9123
25.0,서울대입구,86.5,481.0,7.2,1.0,106528.0,9123
26.0,봉천,81.4,447.0,6.8,1.0,50860.0,9123
27.0,신림,93.0,571.0,5.5,0.9,145970.0,9123
28.0,신도림,73.2,498.0,9.1,0.9,128232.0,9123
29.0,문래,86.8,460.0,12.5,1.0,43850.0,9123
30.0,영등포구청,96.5,520.0,11.6,0.7,55340.0,9123
31.0,합정,91.4,620.0,14.7,1.0,105683.0,9123
32.0,홍대입구,84.3,740.0,30.5,1.3,226879.0,9123
33.0,신촌,90.9,568.0,9.2,0.9,106472.0,9123
34.0,이대,88.0,595.0,17.2,1.1,37903.0,9123
35.0,아현,91.6,555.0,12.2,0.9,21501.0,9123
36.0,충정로,93.2,639.0,13.4,1.1,31677.0,9123
37.0,도림천,74.6,438.0,6.8,0.5,2458.0,9123
38.0,양천구청,72.5,424.0,8.8,0.8,14629.0,9123
39.0,신정네거리,101.9,463.0,12.0,1.1,20085.0,9123
40.0,신설동,70.1,476.0,15.8,0.6,45017.0,9123
41.0,용두,68.9,446.0,11.8,0.6,5175.0,9123
42.0,구파발,87.2,452.0,10.1,0.8,45661.0,9123
43.0,연신내,105.1,491.0,8.6,0.9,87787.0,9123
44.0,불광,95.2,507.0,11.4,0.9,48928.0,9123
45.0,녹번,84.4,518.0,15.7,0.8,27715.0,9123
46.0,홍제,95.9,603.0,12.7,1.1,37782.0,9123
47.0,무악재,101.3,483.0,13.9,0.8,8637.0,9123
48.0,독립문,99.0,536.0,13.8,0.9,16656.0,9123
49.0,경복궁,88.4,544.0,16.8,1.0,45114.0,9123
50.0,안국,78.4,522.0,24.3,1.0,50775.0,9123
51.0,충무로,101.3,554.0,7.1,0.8,66939.0,9123
52.0,동대입구,91.9,475.0,12.8,0.8,26618.0,9123
53.0,약수,101.5,583.0,8.9,0.9,37110.0,9123
54.0,금호,86.0,472.0,12.2,0.7,17525.0,9123
55.0,압구정,88.5,504.0,6.9,0.7,76527.0,9123
56.0,신사,96.2,535.0,7.4,0.7,73976.0,9123
57.0,잠원,74.6,435.0,6.1,0.8,12457.0,9123
58.0,고속터미널,79.1,684.0,14.6,0.9,209031.0,9123
59.0,교대,90.9,621.0,6.8,0.9,96780.0,9123
60.0,남부터미널,85.0,487.0,8.9,0.9,68913.0,9123
61.0,양재,88.1,560.0,8.6,0.7,80869.0,9123
62.0,매봉,72.3,535.0,6.7,0.6,22796.0,9123
63.0,도곡,94.6,556.0,6.1,0.7,26727.0,9123
64.0,대치,82.0,526.0,9.2,0.4,25905.0,9123
65.0,학여울,73.5,447.0,6.6,0.5,3582.0,9123
66.0,대청,91.2,477.0,7.2,0.5,20291.0,9123
67.0,일원,81.4,478.0,5.7,0.5,21662.0,9123
68.0,수서,82.9,504.0,9.0,0.6,65989.0,9123
69.0,가락시장,96.3,476.0,10.1,0.5,38272.0,9123
70.0,경찰병원,70.7,417.0,11.9,0.5,15927.0,9123
71.0,오금,72.4,439.0,6.1,0.5,19983.0,9123
72.0,쌍문,94.0,501.0,5.7,0.8,65320.0,9123
73.0,수유,88.1,508.0,6.1,0.8,81595.0,9123
74.0,미아,86.7,492.0,7.2,0.6,33786.0,9123
75.0,미아사거리,88.1,441.0,6.0,0.5,66667.0,9123
76.0,길음,82.4,454.0,4.3,0.6,44460.0,9123
77.0,성신여대입구,92.6,534.0,11.8,0.7,58932.0,9123
78.0,한성대입구,88.7,557.0,16.7,0.9,30694.0,9123
79.0,혜화,92.3,550.0,4.4,0.6,92704.0,9123
80.0,동대문,90.4,716.0,12.9,0.9,80337.0,9123
81.0,동대문역사문화공원,86.3,591.0,10.4,0.7,105102.0,9123
82.0,충무로,94.2,673.0,10.5,0.9,66939.0,9123
83.0,명동,94.0,718.0,16.8,1.1,91262.0,9123
84.0,회현,84.8,668.0,16.2,1.0,65117.0,9123
85.0,서울,87.7,722.0,17.6,1.0,210272.0,9123
86.0,숙대입구,93.0,480.0,15.1,0.8,31863.0,9123
87.0,삼각지,94.1,503.0,10.9,0.9,23805.0,9123
88.0,신용산,92.6,505.0,15.7,1.0,36650.0,9123
89.0,이촌,89.3,576.0,16.6,1.0,29183.0,9123
90.0,총신대입구,94.0,563.0,15.4,1.0,45661.0,9123
91.0,사당,98.9,586.0,13.4,0.9,138949.0,9123
92.0,남태령,96.8,418.0,7.2,0.7,2528.0,9123
93.0,개화산,65.6,433.0,9.3,0.9,11553.0,9123
94.0,김포공항,74.8,556.0,18.4,0.9,59261.0,9123
95.0,송정,69.1,507.0,10.8,1.0,14633.0,9123
96.0,마곡,64.8,443.0,9.8,0.8,13775.0,9123
97.0,발산,76.0,464.0,9.9,0.9,38694.0,9123
98.0,우장산,79.4,483.0,13.1,1.2,32075.0,9123
99.0,화곡,78.2,523.0,14.6,1.1,60996.0,9123
100.0,까치산,63.3,527.0,9.4,1.1,63119.0,9123
101.0,신정,59.0,493.0,9.7,0.9,26209.0,9123
102.0,목동,71.3,497.0,12.1,1.1,38809.0,9123
103.0,오목교,56.3,605.0,35.2,1.1,54787.0,9123
104.0,양평,80.2,522.0,10.2,1.1,20982.0,9123
105.0,영등포구청,82.7,568.0,16.6,1.1,55340.0,9123
106.0,영등포시장,77.9,492.0,9.9,0.9,21357.0,9123
107.0,신길,70.4,558.0,13.6,1.0,25711.0,9123
108.0,여의도,81.3,550.0,9.2,0.9,97596.0,9123
109.0,여의나루,71.0,526.0,5.4,1.0,14317.0,9123
110.0,마포,67.6,554.0,9.8,1.1,29852.0,9123
111.0,공덕,83.1,557.0,9.7,1.1,81359.0,9123
112.0,애오개,81.0,594.0,14.7,1.2,15419.0,9123
113.0,충정로,75.9,622.0,9.5,1.2,31677.0,9123
114.0,서대문,81.0,529.0,14.2,1.2,40241.0,9123
115.0,광화문,80.4,516.0,15.6,1.1,87899.0,9123
116.0,동대문역사문화공원,94.5,536.0,17.8,1.3,105102.0,9123
117.0,청구,78.8,504.0,10.0,1.3,16398.0,9123
118.0,신금호,68.5,491.0,13.4,1.2,13813.0,9123
119.0,행당,81.7,545.0,11.3,1.2,16765.0,9123
120.0,왕십리,88.0,561.0,15.2,1.2,85687.0,9123
121.0,마장,75.3,620.0,10.5,1.5,12945.0,9123
122.0,답십리,74.5,644.0,13.7,1.3,34001.0,9123
123.0,장한평,84.3,622.0,9.5,1.1,38484.0,9123
124.0,군자,88.5,679.0,13.4,1.2,54131.0,9123
125.0,아차산,62.0,545.0,8.6,0.9,31618.0,9123
126.0,광나루,73.9,554.0,11.9,0.9,27460.0,9123
127.0,천호,69.8,546.0,11.8,1.1,87193.0,9123
128.0,강동,76.7,611.0,12.3,1.0,40744.0,9123
129.0,길동,85.5,573.0,7.8,0.9,16986.0,9123
130.0,굽은다리,66.9,624.0,9.3,0.9,20564.0,9123
131.0,명일,71.6,619.0,7.1,1.0,18295.0,9123
132.0,고덕,80.3,631.0,6.3,1.0,20320.0,9123
133.0,상일동,90.3,625.0,9.4,0.9,28693.0,9123
134.0,둔촌동,83.7,638.0,11.5,1.0,18918.0,9123
135.0,올림픽공원,84.6,654.0,7.9,1.1,48704.0,9123
136.0,방이,91.3,633.0,8.4,1.1,15723.0,9123
137.0,오금,68.8,619.0,10.2,1.1,19983.0,9123
138.0,개롱,68.2,616.0,8.9,0.9,14025.0,9123
139.0,거여,77.0,669.0,12.9,1.2,16002.0,9123
140.0,마천,76.1,598.0,14.7,1.0,10469.0,9123
141.0,응암,73.2,451.0,7.4,0.9,37395.0,9123
142.0,역촌,84.0,443.0,9.6,0.8,8977.0,9123
143.0,불광,90.7,479.0,9.6,0.9,48928.0,9123
144.0,독바위,96.5,453.0,12.4,0.8,6027.0,9123
145.0,연신내,79.3,502.0,12.6,0.9,87787.0,9123
146.0,구산,76.6,486.0,12.8,1.0,14706.0,9123
147.0,새절,87.4,568.0,9.5,0.8,27358.0,9123
148.0,증산,82.8,501.0,33.3,0.9,21644.0,9123
149.0,디지털미디어시티,72.6,441.0,17.1,0.8,57709.0,9123
150.0,월드컵경기장,95.0,431.0,8.8,0.9,12415.0,9123
151.0,마포구청,92.7,465.0,9.9,1.0,28227.0,9123
152.0,망원,96.4,497.0,12.5,1.2,31939.0,9123
153.0,합정,85.7,501.0,10.0,1.2,105683.0,9123
154.0,상수,101.6,519.0,12.7,1.4,25279.0,9123
155.0,광흥창,89.5,489.0,10.0,1.2,20201.0,9123
156.0,대흥,101.3,532.0,10.6,1.3,18033.0,9123
157.0,공덕,116.2,498.0,12.9,0.9,81359.0,9123
158.0,효창공원앞,106.9,473.0,9.7,1.1,20381.0,9123
159.0,삼각지,103.6,492.0,10.0,0.8,23805.0,9123
160.0,녹사평,92.0,469.0,10.6,1.0,12839.0,9123
161.0,이태원,112.6,507.0,11.8,1.1,46519.0,9123
162.0,한강진,93.8,431.0,11.5,0.9,19866.0,9123
163.0,버티고개,116.2,499.0,10.9,1.1,4744.0,9123
164.0,약수,114.9,542.0,9.1,1.1,37110.0,9123
165.0,청구,74.3,490.0,10.8,1.6,16398.0,9123
166.0,신당,67.9,496.0,26.6,1.3,49469.0,9123
167.0,동묘앞,61.3,508.0,11.3,1.5,36502.0,9123
168.0,창신,93.9,490.0,11.6,1.1,6616.0,9123
169.0,보문,74.7,539.0,12.6,1.3,18194.0,9123
170.0,안암,67.9,555.0,11.2,1.4,26693.0,9123
171.0,고려대,64.1,472.0,16.2,0.8,18823.0,9123
172.0,월곡,76.3,486.0,11.3,1.0,25431.0,9123
173.0,상월곡,86.7,517.0,20.0,1.1,12544.0,9123
174.0,돌곶이,70.1,506.0,10.4,1.0,17618.0,9123
175.0,석계,86.7,478.0,22.4,0.9,48204.0,9123
176.0,태릉입구,83.6,492.0,10.1,1.0,29146.0,9123
177.0,화랑대,67.7,474.0,11.3,0.8,22197.0,9123
178.0,봉화산,73.9,477.0,8.3,0.8,19720.0,9123
179.0,수락산,93.0,610.0,14.2,1.0,26775.0,9123
180.0,마들,80.2,629.0,14.3,1.0,24845.0,9123
181.0,노원,76.5,673.0,10.5,1.1,102792.0,9123
182.0,중계,76.6,679.0,10.0,1.1,30207.0,9123
183.0,하계,81.0,686.0,9.0,1.1,40104.0,9123
184.0,공릉,69.4,635.0,9.3,1.1,25408.0,9123
185.0,태릉입구,76.3,643.0,14.5,1.3,29146.0,9123
186.0,먹골,66.4,706.0,15.7,1.2,21927.0,9123
187.0,중화,93.1,667.0,11.3,1.2,24145.0,9123
188.0,상봉,78.8,710.0,15.9,1.2,49554.0,9123
189.0,면목,60.4,672.0,10.7,1.3,32607.0,9123
190.0,사가정,72.9,728.0,12.0,1.0,33186.0,9123
191.0,용마산,80.4,642.0,12.1,1.0,12175.0,9123
192.0,중곡,63.2,598.0,12.5,1.0,20225.0,9123
193.0,군자,70.0,715.0,11.9,1.0,54131.0,9123
194.0,어린이대공원,69.3,669.0,10.4,0.9,30630.0,9123
195.0,건대입구,64.6,754.0,15.1,1.0,138117.0,9123
196.0,청담,60.4,649.0,16.2,1.0,43250.0,9123
197.0,강남구청,72.1,633.0,14.8,1.0,52333.0,9123
198.0,학동,87.8,708.0,25.7,1.3,44974.0,9123
199.0,논현,86.8,655.0,24.3,1.3,40047.0,9123
200.0,반포,62.4,621.0,13.4,1.1,13135.0,9123
201.0,고속터미널,67.6,728.0,18.5,1.2,209031.0,9123
202.0,내방,61.1,603.0,13.7,1.1,28562.0,9123
203.0,남성,68.2,616.0,12.1,1.0,23319.0,9123
204.0,숭실대입구,63.5,591.0,16.3,1.0,25830.0,9123
205.0,상도,71.7,561.0,11.5,1.0,22414.0,9123
206.0,장승배기,61.3,591.0,11.6,1.1,22365.0,9123
207.0,신대방삼거리,85.9,542.0,14.6,1.2,34243.0,9123
208.0,보라매,86.3,519.0,36.9,1.0,18664.0,9123
209.0,신풍,89.4,578.0,15.7,1.3,23043.0,9123
210.0,대림,90.8,616.0,17.8,1.2,82546.0,9123
211.0,남구로,66.8,570.0,22.8,1.3,34548.0,9123
212.0,가산디지털단지,79.1,560.0,19.7,1.0,117179.0,9123
213.0,철산,70.5,559.0,15.6,1.1,49703.0,9123
214.0,광명사거리,72.2,570.0,17.2,1.3,53771.0,9123
215.0,천왕,110.5,570.0,20.1,1.1,19722.0,9123
216.0,온수,75.2,464.0,14.5,0.9,34705.0,9123
217.0,암사,76.2,654.0,10.8,1.0,37291.0,9123
218.0,천호,71.8,549.0,10.9,0.8,87193.0,9123
219.0,강동구청,71.5,602.0,8.4,1.0,23269.0,9123
220.0,몽촌토성,66.5,625.0,11.4,1.1,11716.0,9123
221.0,잠실,73.0,673.0,14.5,1.0,256037.0,9123
222.0,석촌,85.1,636.0,10.4,1.0,33255.0,9123
223.0,송파,72.1,644.0,11.6,1.1,20162.0,9123
224.0,가락시장,83.8,649.0,8.6,1.0,38272.0,9123
225.0,문정,78.6,676.0,6.4,1.2,38753.0,9123
226.0,장지,66.7,586.0,23.6,0.9,39355.0,9123
227.0,복정,80.0,628.0,7.3,1.0,20939.0,9123
228.0,산성,60.0,568.0,6.9,0.9,10938.0,9123
229.0,남한산성입구,71.2,664.0,9.6,1.1,26961.0,9123
230.0,단대오거리,68.9,638.0,11.3,1.0,22229.0,9123
231.0,신흥,76.9,673.0,27.2,1.2,11146.0,9123
232.0,수진,61.0,630.0,12.5,1.2,12121.0,9123
233.0,모란,76.1,643.0,8.1,1.1,54347.0,9123
0.0,서울,40.6,515.0,12.2,2.3,94615.0,123
1.0,시청,45.1,456.0,9.4,2.1,61239.0,123
2.0,종각,44.2,511.0,9.0,2.7,43635.0,123
3.0,동대문,91.9,471.0,13.7,1.9,43740.0,123
4.0,동묘앞,61.2,528.0,9.6,1.9,23061.0,123
5.0,신설동,96.5,558.0,9.2,2.7,29025.0,123
6.0,제기동,84.3,422.0,5.8,2.6,26078.0,123
7.0,청량리,34.9,447.0,8.3,2.6,52782.0,123
8.0,시청,83.6,514.0,6.2,0.4,61239.0,123
9.0,을지로입구,41.2,535.0,6.5,0.6,57238.0,123
10.0,동대문역사문화공원,51.2,464.0,3.2,0.6,41061.0,123
11.0,신당,52.2,493.0,5.8,0.5,30753.0,123
12.0,상왕십리,50.5,562.0,4.9,0.7,19694.0,123
13.0,왕십리,45.9,602.0,7.5,0.7,48556.0,123
14.0,잠실,62.4,510.0,7.4,0.7,114057.0,123
15.0,잠실새내,132.5,439.0,5.3,0.6,28747.0,123
16.0,종합운동장,51.4,591.0,3.9,0.3,14339.0,123
17.0,삼성,59.2,582.0,5.4,0.9,65077.0,123
18.0,선릉,82.8,483.0,5.5,0.7,90833.0,123
19.0,역삼,57.5,534.0,7.4,0.7,65855.0,123
20.0,강남,41.2,698.0,5.0,1.2,106889.0,123
21.0,교대,33.4,527.0,7.4,1.2,62184.0,123
22.0,서초,54.6,555.0,6.1,0.9,28035.0,123
23.0,방배,38.5,483.0,2.8,0.6,22195.0,123
24.0,사당,47.8,550.0,3.7,0.7,81068.0,123
25.0,낙성대,98.4,590.0,3.9,0.8,38959.0,123
26.0,서울대입구,65.0,471.0,4.1,0.7,66418.0,123
27.0,봉천,55.4,497.0,3.6,0.9,34819.0,123
28.0,신림,82.6,530.0,4.0,0.8,94241.0,123
29.0,신도림,63.5,562.0,5.5,0.4,77404.0,123
30.0,문래,50.9,522.0,4.2,0.7,31193.0,123
31.0,영등포구청,76.6,597.0,4.0,0.8,41447.0,123
32.0,합정,62.4,569.0,6.2,0.6,60153.0,123
33.0,홍대입구,80.4,597.0,3.1,0.8,77569.0,123
34.0,신촌,71.0,578.0,4.0,1.0,46956.0,123
35.0,이대,87.8,523.0,5.8,1.2,15583.0,123
36.0,아현,79.6,514.0,5.2,1.1,14323.0,123
37.0,충정로,67.2,511.0,4.1,0.9,21206.0,123
38.0,도림천,50.5,460.0,4.2,0.7,2484.0,123
39.0,양천구청,52.4,459.0,4.6,0.8,9615.0,123
40.0,신정네거리,52.3,472.0,3.6,0.7,14775.0,123
41.0,신설동,42.5,516.0,6.4,3.1,29025.0,123
42.0,용두,51.4,484.0,8.1,0.8,3749.0,123
43.0,구파발,26.6,475.0,2.1,0.7,28649.0,123
44.0,연신내,40.6,508.0,3.7,1.0,55395.0,123
45.0,불광,28.5,529.0,4.8,0.9,31681.0,123
46.0,녹번,47.0,521.0,7.4,1.0,20872.0,123
47.0,홍제,36.7,559.0,7.8,1.3,25059.0,123
48.0,무악재,34.4,543.0,6.1,1.4,5728.0,123
49.0,독립문,47.4,483.0,3.2,0.8,10102.0,123
50.0,경복궁,52.8,527.0,4.1,0.6,22741.0,123
51.0,안국,47.6,521.0,3.7,0.4,19689.0,123
52.0,충무로,54.3,509.0,9.2,2.0,39472.0,123
53.0,동대입구,58.6,509.0,11.1,2.0,9766.0,123
54.0,약수,36.8,572.0,9.7,1.8,23390.0,123
55.0,금호,48.6,525.0,9.9,1.1,11813.0,123
56.0,압구정,39.0,657.0,9.1,3.3,47588.0,123
57.0,신사,56.9,558.0,9.2,1.5,42575.0,123
58.0,잠원,51.8,486.0,7.0,0.5,6275.0,123
59.0,고속터미널,41.4,714.0,10.3,3.4,114095.0,123
60.0,교대,58.5,656.0,8.3,3.8,62184.0,123
61.0,남부터미널,54.8,528.0,7.6,0.6,42588.0,123
62.0,양재,42.8,509.0,3.9,0.9,52806.0,123
63.0,매봉,35.9,491.0,7.2,1.0,16579.0,123
64.0,도곡,45.2,522.0,6.4,0.4,15844.0,123
65.0,대치,40.1,515.0,7.1,1.3,14159.0,123
66.0,학여울,30.8,463.0,5.3,0.6,2321.0,123
67.0,대청,50.3,475.0,3.9,0.9,13630.0,123
68.0,일원,23.9,468.0,5.8,0.4,13302.0,123
69.0,수서,61.3,517.0,3.0,1.0,39666.0,123
70.0,가락시장,46.8,509.0,3.6,0.6,25630.0,123
71.0,경찰병원,77.7,587.0,3.9,0.9,10124.0,123
72.0,오금,35.0,457.0,2.3,0.4,12920.0,123
73.0,쌍문,68.4,453.0,11.6,1.3,43950.0,123
74.0,수유,103.8,472.0,10.3,3.0,53805.0,123
75.0,미아,81.2,447.0,12.8,2.1,22859.0,123
76.0,미아사거리,72.6,441.0,11.6,0.4,43381.0,123
77.0,길음,86.9,436.0,9.3,4.2,28393.0,123
78.0,성신여대입구,82.9,469.0,8.5,1.8,33437.0,123
79.0,한성대입구,53.7,433.0,8.7,0.6,18703.0,123
80.0,혜화,65.3,468.0,6.7,3.5,41240.0,123
81.0,동대문,83.6,492.0,10.9,2.0,43740.0,123
82.0,동대문역사문화공원,63.2,467.0,12.0,1.3,41061.0,123
83.0,충무로,54.0,607.0,10.4,5.1,39472.0,123
84.0,명동,64.5,460.0,9.1,1.3,25482.0,123
85.0,회현,40.5,465.0,12.2,3.0,34285.0,123
86.0,서울,73.2,473.0,5.9,3.6,94615.0,123
87.0,숙대입구,51.2,423.0,6.1,1.2,17467.0,123
88.0,삼각지,56.2,407.0,10.6,0.5,13714.0,123
89.0,신용산,64.0,509.0,9.9,3.9,21997.0,123
90.0,이촌,56.0,527.0,4.3,2.5,14197.0,123
91.0,총신대입구,48.6,542.0,8.1,1.8,28544.0,123
92.0,사당,47.7,494.0,5.8,0.7,81068.0,123
93.0,남태령,53.5,506.0,6.5,6.1,1403.0,123
94.0,방화,33.6,542.0,11.0,0.7,9410.0,123
95.0,개화산,28.6,551.0,10.6,0.4,7691.0,123
96.0,김포공항,30.5,543.0,8.6,0.4,38179.0,123
97.0,송정,39.4,570.0,10.5,0.3,9830.0,123
98.0,마곡,37.2,580.0,7.3,0.5,12993.0,123
99.0,발산,44.0,585.0,6.9,0.3,24274.0,123
100.0,우장산,34.8,556.0,6.7,0.5,20051.0,123
101.0,화곡,40.2,610.0,6.8,0.4,41699.0,123
102.0,까치산,50.8,620.0,9.4,0.7,43600.0,123
103.0,신정,46.7,532.0,7.2,0.4,19012.0,123
104.0,목동,46.6,554.0,6.8,0.6,25208.0,123
105.0,오목교,33.2,560.0,7.0,0.4,33500.0,123
106.0,양평,45.6,523.0,6.9,0.5,14309.0,123
107.0,영등포구청,36.0,640.0,8.4,0.6,41447.0,123
108.0,영등포시장,50.8,628.0,7.6,0.5,14219.0,123
109.0,신길,37.0,628.0,9.1,0.7,18274.0,123
110.0,여의도,57.5,852.0,9.4,0.9,66572.0,123
111.0,여의나루,48.7,576.0,5.8,0.6,8728.0,123
112.0,마포,39.5,637.0,8.2,0.6,20066.0,123
113.0,공덕,42.2,644.0,6.3,0.7,52984.0,123
114.0,애오개,48.1,614.0,9.0,0.7,9616.0,123
115.0,충정로,27.8,629.0,6.7,0.6,21206.0,123
116.0,서대문,67.7,669.0,7.3,0.6,25768.0,123
117.0,광화문,75.0,596.0,8.1,0.8,42278.0,123
118.0,동대문역사문화공원,52.9,606.0,7.1,0.8,41061.0,123
119.0,청구,41.9,566.0,5.7,0.8,11439.0,123
120.0,신금호,59.6,588.0,6.9,0.7,9225.0,123
121.0,행당,37.3,624.0,6.6,0.9,11209.0,123
122.0,왕십리,44.8,695.0,8.2,0.7,48556.0,123
123.0,마장,33.6,570.0,6.2,0.9,8389.0,123
124.0,답십리,35.0,589.0,6.4,0.8,23665.0,123
125.0,장한평,40.8,647.0,8.1,1.4,27040.0,123
126.0,군자,43.3,643.0,9.5,0.9,36590.0,123
127.0,아차산,34.7,539.0,11.6,1.0,20934.0,123
128.0,광나루,30.8,511.0,10.7,0.7,17154.0,123
129.0,천호,41.7,612.0,10.1,0.9,53314.0,123
130.0,강동,51.0,580.0,7.3,0.8,26805.0,123
131.0,길동,41.4,580.0,10.1,0.8,12304.0,123
132.0,굽은다리,33.4,542.0,6.7,1.0,13766.0,123
133.0,명일,40.7,544.0,7.7,0.9,11916.0,123
134.0,고덕,35.5,503.0,7.2,1.2,12444.0,123
135.0,상일동,44.0,532.0,6.5,1.0,21546.0,123
136.0,둔촌동,43.5,576.0,7.9,1.5,11926.0,123
137.0,올림픽공원,63.0,532.0,6.4,1.0,11598.0,123
138.0,방이,36.8,548.0,7.4,1.2,9411.0,123
139.0,오금,60.1,509.0,10.0,1.0,12920.0,123
140.0,개롱,32.6,549.0,7.8,1.1,8691.0,123
141.0,거여,42.2,550.0,7.1,1.1,10719.0,123
142.0,마천,46.3,525.0,7.7,1.2,8278.0,123
143.0,응암,44.2,600.0,12.1,1.0,26611.0,123
144.0,역촌,36.9,600.0,11.4,1.2,5951.0,123
145.0,불광,55.8,553.0,12.1,1.2,31681.0,123
146.0,독바위,30.6,642.0,10.6,1.3,4220.0,123
147.0,연신내,34.4,555.0,13.4,1.2,55395.0,123
148.0,구산,40.4,614.0,11.5,1.0,9810.0,123
149.0,새절,32.6,600.0,12.6,1.0,18295.0,123
150.0,증산,32.6,550.0,12.1,1.2,15293.0,123
151.0,디지털미디어시티,35.7,581.0,13.6,1.0,39309.0,123
152.0,월드컵경기장,36.5,613.0,6.7,1.0,6800.0,123
153.0,마포구청,45.6,611.0,8.6,1.0,19603.0,123
154.0,망원,40.1,601.0,6.1,1.2,21257.0,123
155.0,합정,42.5,614.0,11.8,1.2,60153.0,123
156.0,상수,31.0,638.0,13.1,1.3,11026.0,123
157.0,광흥창,38.5,599.0,12.7,1.2,11713.0,123
158.0,대흥,45.6,606.0,11.1,1.1,10894.0,123
159.0,공덕,40.2,613.0,13.0,1.1,52984.0,123
160.0,효창공원앞,68.4,611.0,12.5,1.3,14233.0,123
161.0,삼각지,54.9,581.0,14.9,1.1,13714.0,123
162.0,녹사평,42.6,622.0,12.6,1.1,6638.0,123
163.0,이태원,42.4,595.0,18.3,1.2,12941.0,123
164.0,한강진,42.2,602.0,12.1,1.3,9440.0,123
165.0,버티고개,53.2,615.0,11.2,1.1,3050.0,123
166.0,약수,51.1,649.0,14.5,1.3,23390.0,123
167.0,청구,47.7,603.0,10.5,0.9,11439.0,123
168.0,신당,40.5,617.0,15.5,1.1,30753.0,123
169.0,동묘앞,37.2,636.0,10.3,1.1,23061.0,123
170.0,창신,52.1,602.0,7.7,1.2,4468.0,123
171.0,보문,37.7,624.0,8.2,1.2,12684.0,123
172.0,안암,44.0,572.0,10.9,1.2,12580.0,123
173.0,고려대,45.7,607.0,8.9,1.4,10617.0,123
174.0,월곡,51.2,633.0,8.4,1.3,16303.0,123
175.0,상월곡,36.6,613.0,9.3,1.3,8531.0,123
176.0,돌곶이,41.6,636.0,20.3,1.3,12086.0,123
177.0,석계,46.1,605.0,10.3,1.1,31580.0,123
178.0,태릉입구,29.8,615.0,30.3,1.3,19196.0,123
179.0,화랑대,29.8,623.0,20.8,1.2,13667.0,123
180.0,봉화산,33.8,605.0,15.0,1.2,12793.0,123
181.0,수락산,85.8,644.0,6.7,0.5,18764.0,123
182.0,마들,91.9,654.0,7.8,0.5,18522.0,123
183.0,노원,48.9,634.0,8.0,0.5,60790.0,123
184.0,중계,53.9,665.0,6.0,0.5,19704.0,123
185.0,하계,58.4,567.0,6.8,0.5,25062.0,123
186.0,공릉,45.6,558.0,7.1,0.6,16513.0,123
187.0,태릉입구,48.7,582.0,7.3,0.6,19196.0,123
188.0,먹골,39.1,598.0,8.0,0.7,15623.0,123
189.0,중화,37.9,571.0,8.2,0.6,16878.0,123
190.0,상봉,31.6,604.0,7.8,0.5,34243.0,123
191.0,면목,39.1,585.0,10.2,0.6,23429.0,123
192.0,사가정,35.7,611.0,10.0,0.5,25331.0,123
193.0,용마산,40.4,551.0,8.4,0.5,8960.0,123
194.0,중곡,39.5,583.0,10.2,0.5,14459.0,123
195.0,군자,36.4,589.0,7.5,0.5,36590.0,123
196.0,어린이대공원,36.6,588.0,9.2,0.5,15791.0,123
197.0,건대입구,69.1,574.0,8.0,0.4,67530.0,123
198.0,청담,49.8,587.0,9.5,0.5,28725.0,123
199.0,강남구청,48.0,572.0,8.7,0.6,35980.0,123
200.0,학동,58.5,587.0,9.9,0.5,32648.0,123
201.0,논현,48.9,622.0,8.6,0.6,28625.0,123
202.0,반포,30.1,615.0,7.6,0.6,8395.0,123
203.0,고속터미널,54.4,589.0,8.0,0.7,114095.0,123
204.0,내방,57.5,539.0,9.5,0.6,20875.0,123
205.0,남성,40.9,588.0,11.6,0.6,16125.0,123
206.0,숭실대입구,74.0,557.0,10.0,0.6,16460.0,123
207.0,상도,31.4,589.0,8.5,0.6,14269.0,123
208.0,장승배기,36.7,601.0,8.7,0.6,14553.0,123
209.0,신대방삼거리,43.1,556.0,7.5,0.8,24275.0,123
210.0,보라매,47.7,595.0,9.1,0.6,13260.0,123
211.0,신풍,53.3,551.0,11.4,0.7,16744.0,123
212.0,대림,55.5,545.0,9.1,0.6,51106.0,123
213.0,남구로,56.9,546.0,10.9,0.6,24701.0,123
214.0,가산디지털단지,52.3,610.0,8.5,0.9,88574.0,123
215.0,철산,74.1,522.0,16.2,0.9,31546.0,123
216.0,광명사거리,47.2,583.0,8.8,0.6,35610.0,123
217.0,천왕,42.8,579.0,12.0,0.5,15508.0,123
218.0,온수,53.8,582.0,7.5,0.5,24186.0,123
219.0,암사,44.5,606.0,11.0,0.6,26616.0,123
220.0,천호,39.7,601.0,9.6,0.9,53314.0,123
221.0,강동구청,38.9,653.0,14.3,0.7,15665.0,123
222.0,몽촌토성,45.3,588.0,10.1,0.6,7831.0,123
223.0,잠실,32.3,608.0,10.7,0.7,114057.0,123
224.0,석촌,47.9,581.0,9.4,0.9,21820.0,123
225.0,송파,41.9,598.0,10.6,1.0,11665.0,123
226.0,가락시장,54.2,602.0,9.6,0.9,25630.0,123
227.0,문정,42.5,599.0,10.1,0.8,28163.0,123
228.0,장지,43.9,640.0,7.2,1.0,24471.0,123
229.0,복정,61.8,601.0,9.6,0.8,13183.0,123
230.0,산성,34.8,557.0,9.6,0.9,9838.0,123
231.0,남한산성입구,45.8,632.0,11.6,0.9,18690.0,123
232.0,단대오거리,41.2,614.0,11.0,1.1,15091.0,123
233.0,신흥,45.2,598.0,21.6,1.1,7608.0,123
234.0,수진,40.2,606.0,12.3,1.0,7715.0,123
235.0,모란,51.1,614.0,8.2,1.2,34774.0,123
0.0,시청,54.6,490.0,5.1,0.6,75763.0,1123
1.0,종각,103.575,590.0,6.3,1.1,56116.0,1123
2.0,동대문,69.0,528.0,7.5,1.1,51604.0,1123
3.0,동묘앞,81.2,598.0,12.1,1.6,28516.0,1123
4.0,신설동,77.5,556.0,7.9,1.3,33985.0,1123
5.0,제기동,90.2,511.0,9.5,0.9,30670.0,1123
6.0,청량리,37.3,503.0,4.5,0.9,69635.0,1123
7.0,시청,73.1,635.0,5.2,0.2,75763.0,1123
8.0,을지로입구,59.6,472.0,5.3,0.3,74109.0,1123
9.0,동대문역사문화공원,64.3,853.0,5.6,1.0,56775.0,1123
10.0,신당,47.3,894.0,6.5,0.6,40264.0,1123
11.0,상왕십리,43.8,814.0,8.2,0.6,24649.0,1123
12.0,왕십리,37.1,809.0,7.7,0.3,65207.0,1123
13.0,잠실,70.4,554.0,8.8,0.9,169205.0,1123
14.0,잠실새내,34.9,825.0,6.2,0.3,39254.0,1123
15.0,종합운동장,62.3,439.0,10.9,0.8,21322.0,1123
16.0,삼성,78.5,664.0,9.3,0.7,86764.0,1123
17.0,선릉,78.6,637.0,7.7,0.9,106914.0,1123
18.0,역삼,64.5,659.0,8.8,0.9,80766.0,1123
19.0,강남,49.9,826.0,11.0,1.0,142726.0,1123
20.0,교대,37.5,555.0,6.9,0.5,75165.0,1123
21.0,서초,58.9,552.0,5.8,0.2,35264.0,1123
22.0,방배,38.2,445.0,2.0,0.5,26274.0,1123
23.0,사당,28.8,491.0,5.0,0.3,104301.0,1123
24.0,낙성대,73.5,484.0,2.7,0.4,47190.0,1123
25.0,서울대입구,44.3,496.0,2.9,0.3,84552.0,1123
26.0,봉천,51.2,457.0,5.2,0.5,40677.0,1123
27.0,신림,89.4,524.0,6.6,0.3,115720.0,1123
28.0,신도림,47.2,481.0,5.5,0.2,91383.0,1123
29.0,문래,28.2,509.0,7.3,0.6,37155.0,1123
30.0,영등포구청,41.4,504.0,5.7,0.3,47121.0,1123
31.0,합정,37.0,541.0,6.1,0.3,83109.0,1123
32.0,홍대입구,25.7,534.0,5.4,0.2,136155.0,1123
33.0,신촌,25.3,442.0,5.3,0.3,64367.0,1123
34.0,이대,31.4,443.0,4.3,0.2,23082.0,1123
35.0,아현,32.4,421.0,6.9,0.3,18052.0,1123
36.0,충정로,27.7,430.0,7.1,0.2,24690.0,1123
37.0,도림천,39.0,433.0,5.3,0.1,2420.0,1123
38.0,양천구청,37.8,405.0,5.2,0.3,11723.0,1123
39.0,신정네거리,44.6,513.0,5.5,0.5,18748.0,1123
40.0,신설동,57.7,701.0,6.8,0.7,33985.0,1123
41.0,용두,48.8,667.0,6.4,0.7,4588.0,1123
42.0,구파발,46.8,462.0,6.0,0.1,35682.0,1123
43.0,연신내,53.9,491.0,7.6,0.3,66151.0,1123
44.0,불광,63.8,527.0,7.6,0.5,38486.0,1123
45.0,녹번,44.7,509.0,7.8,0.2,26092.0,1123
46.0,홍제,51.4,558.0,6.4,0.4,30202.0,1123
47.0,무악재,64.5,498.0,6.3,0.5,6665.0,1123
48.0,독립문,53.1,488.0,4.8,0.1,11965.0,1123
49.0,경복궁,66.3,491.0,7.1,0.1,31960.0,1123
50.0,안국,42.8,448.0,7.9,0.3,29316.0,1123
51.0,충무로,80.5,527.0,4.3,0.3,45363.0,1123
52.0,동대입구,30.3,414.0,3.4,0.1,13002.0,1123
53.0,약수,67.7,439.0,6.4,0.1,29434.0,1123
54.0,금호,27.3,445.0,3.3,0.2,13846.0,1123
55.0,압구정,27.5,574.0,4.1,0.4,62070.0,1123
56.0,신사,67.6,489.0,4.7,0.3,57385.0,1123
57.0,잠원,71.6,419.0,3.2,0.1,8231.0,1123
58.0,고속터미널,92.8,661.0,3.6,0.3,154462.0,1123
59.0,교대,69.0,532.0,3.9,0.5,75165.0,1123
60.0,남부터미널,43.6,444.0,4.2,0.1,53342.0,1123
61.0,양재,40.2,521.0,3.3,0.1,64714.0,1123
62.0,매봉,41.6,431.0,6.4,0.2,19815.0,1123
63.0,도곡,38.4,398.0,4.4,0.3,19852.0,1123
64.0,대치,36.5,437.0,6.1,0.4,19316.0,1123
65.0,학여울,27.1,416.0,5.4,0.1,2705.0,1123
66.0,대청,61.3,443.0,5.6,0.1,16769.0,1123
67.0,일원,66.6,441.0,6.2,0.2,16979.0,1123
68.0,수서,54.3,496.0,4.6,0.1,57601.0,1123
69.0,가락시장,55.2,542.0,8.4,0.1,29807.0,1123
70.0,경찰병원,51.8,413.0,1.9,0.2,12119.0,1123
71.0,오금,48.2,439.0,6.6,0.3,15928.0,1123
72.0,쌍문,144.175,445.0,4.9,0.1,52192.0,1123
73.0,수유,89.5,504.0,4.9,0.3,64073.0,1123
74.0,미아,90.75,492.0,3.5,0.2,26761.0,1123
75.0,미아사거리,83.475,510.0,4.7,0.2,52555.0,1123
76.0,길음,67.6,486.0,5.7,0.4,35136.0,1123
77.0,성신여대입구,81.9,580.0,6.3,0.1,43650.0,1123
78.0,한성대입구,59.9,455.0,5.5,0.2,23429.0,1123
79.0,혜화,43.2,551.0,7.3,0.4,59801.0,1123
80.0,동대문,61.8,508.0,5.9,0.4,51604.0,1123
81.0,동대문역사문화공원,47.4,601.0,9.1,0.3,56775.0,1123
82.0,충무로,81.8,512.0,4.2,0.2,45363.0,1123
83.0,명동,78.0,530.0,7.1,0.4,43371.0,1123
84.0,회현,69.6,580.0,9.3,0.5,49178.0,1123
85.0,서울,50.8,478.0,3.3,0.5,141462.0,1123
86.0,숙대입구,60.5,571.0,6.7,0.3,21777.0,1123
87.0,삼각지,66.1,539.0,10.4,0.3,18908.0,1123
88.0,신용산,67.3,488.0,7.5,0.4,30196.0,1123
89.0,이촌,53.2,530.0,6.0,0.1,19429.0,1123
90.0,총신대입구,61.1,509.0,4.7,0.1,34542.0,1123
91.0,사당,54.3,563.0,5.0,0.2,104301.0,1123
92.0,남태령,74.0,412.0,2.8,0.2,1966.0,1123
93.0,방화,27.1,483.5,3.4,0.6,11739.0,1123
94.0,개화산,28.9,468.5,3.5,0.7,9649.0,1123
95.0,김포공항,68.1,467.7,3.1,0.7,58196.0,1123
96.0,송정,31.8,439.0,2.8,0.8,11814.0,1123
97.0,마곡,66.9,477.0,3.4,0.9,17917.0,1123
98.0,발산,43.7,448.0,3.2,0.8,33447.0,1123
99.0,우장산,66.3,429.5,6.5,0.8,25377.0,1123
100.0,화곡,40.9,495.0,6.0,0.8,50298.0,1123
101.0,까치산,54.3,488.0,9.0,0.9,52293.0,1123
102.0,신정,61.0,424.0,6.3,0.8,22301.0,1123
103.0,목동,66.5,474.5,3.9,0.7,30533.0,1123
104.0,오목교,53.3,491.3,4.5,0.8,42352.0,1123
105.0,양평,49.2,442.5,4.1,0.8,17580.0,1123
106.0,영등포구청,73.7,505.5,4.7,0.8,47121.0,1123
107.0,영등포시장,67.8,517.0,7.7,0.8,18036.0,1123
108.0,신길,60.4,448.3,6.8,0.9,21360.0,1123
109.0,여의도,59.7,589.3,7.0,0.8,91184.0,1123
110.0,여의나루,59.0,423.3,4.6,0.8,13864.0,1123
111.0,마포,52.2,429.5,5.3,0.9,24230.0,1123
112.0,공덕,33.5,424.3,3.9,0.8,65047.0,1123
113.0,애오개,64.2,473.0,5.5,0.8,12358.0,1123
114.0,충정로,52.0,437.0,4.6,0.8,24690.0,1123
115.0,서대문,56.3,550.5,7.5,0.9,30331.0,1123
116.0,광화문,43.2,561.7,6.4,0.9,50848.0,1123
117.0,동대문역사문화공원,39.3,439.5,6.3,0.8,56775.0,1123
118.0,청구,51.3,473.0,5.4,1.0,13185.0,1123
119.0,신금호,75.5,440.0,6.6,0.9,11275.0,1123
120.0,행당,56.8,451.5,4.7,1.0,13468.0,1123
121.0,왕십리,72.9,461.7,6.9,0.8,65207.0,1123
122.0,마장,66.1,438.0,6.0,0.9,10255.0,1123
123.0,답십리,34.1,639.0,9.2,0.8,28112.0,1123
124.0,장한평,36.7,562.0,7.0,1.0,33789.0,1123
125.0,군자,37.7,704.3,8.6,0.8,45811.0,1123
126.0,아차산,29.7,790.5,7.0,1.1,25934.0,1123
127.0,광나루,28.5,446.0,5.7,1.0,22290.0,1123
128.0,천호,30.5,688.3,6.5,1.0,66237.0,1123
129.0,강동,49.3,454.8,4.1,0.8,30967.0,1123
130.0,길동,27.3,442.0,4.5,0.8,15524.0,1123
131.0,굽은다리,28.0,435.0,4.0,0.9,17637.0,1123
132.0,명일,27.9,447.0,3.7,0.8,15313.0,1123
133.0,고덕,47.7,451.0,5.7,0.8,16568.0,1123
134.0,상일동,67.8,448.5,5.6,0.7,25590.0,1123
135.0,미사,33.9,463.3,3.9,0.7,28166.0,1123
136.0,하남풍산,33.5,484.0,4.4,0.7,7369.0,1123
137.0,둔촌동,40.1,457.5,3.5,0.9,15341.0,1123
138.0,올림픽공원,43.3,474.5,4.5,0.8,22136.0,1123
139.0,방이,66.1,467.5,5.3,0.8,12204.0,1123
140.0,오금,73.5,471.0,5.1,0.9,15928.0,1123
141.0,개롱,68.9,478.5,6.9,0.9,11286.0,1123
142.0,거여,74.9,507.5,6.8,1.1,15743.0,1123
143.0,마천,25.5,487.0,4.6,0.9,11812.0,1123
144.0,응암,60.1,478.0,6.8,0.8,31886.0,1123
145.0,역촌,39.1,471.0,5.4,0.9,7650.0,1123
146.0,불광,46.6,468.0,4.7,0.9,38486.0,1123
147.0,독바위,51.6,463.0,4.7,0.9,4771.0,1123
148.0,연신내,68.4,455.0,4.6,1.0,66151.0,1123
149.0,구산,77.6,460.5,5.1,1.1,12053.0,1123
150.0,새절,47.7,476.5,4.2,1.0,21823.0,1123
151.0,증산,52.1,474.5,3.8,0.9,18039.0,1123
152.0,디지털미디어시티,78.2,486.7,6.5,0.9,48224.0,1123
153.0,월드컵경기장,57.0,501.0,4.8,1.0,7356.0,1123
154.0,마포구청,75.1,481.0,4.8,1.0,24066.0,1123
155.0,망원,57.5,485.5,4.4,1.1,28607.0,1123
156.0,합정,36.1,487.0,5.9,0.9,83109.0,1123
157.0,상수,30.0,487.5,5.4,0.9,17129.0,1123
158.0,광흥창,32.8,466.5,5.0,1.0,14923.0,1123
159.0,대흥,36.0,499.0,5.0,1.1,13784.0,1123
160.0,공덕,44.0,481.7,3.5,0.8,65047.0,1123
161.0,효창공원앞,44.4,461.0,4.2,0.8,17061.0,1123
162.0,삼각지,58.4,503.7,5.7,0.9,18908.0,1123
163.0,녹사평,37.0,472.7,5.6,0.9,9722.0,1123
164.0,이태원,45.5,452.0,5.0,0.9,22121.0,1123
165.0,한강진,47.4,453.0,5.3,0.9,18398.0,1123
166.0,버티고개,44.7,465.0,6.2,0.9,3521.0,1123
167.0,약수,65.6,485.0,6.8,0.9,29434.0,1123
168.0,청구,50.7,493.0,9.0,0.9,13185.0,1123
169.0,신당,47.3,552.7,9.5,0.8,40264.0,1123
170.0,동묘앞,51.6,550.7,8.3,0.9,28516.0,1123
171.0,창신,45.1,532.0,9.7,0.9,5506.0,1123
172.0,보문,51.0,531.0,11.0,0.9,15175.0,1123
173.0,안암,32.0,531.0,7.3,0.9,16505.0,1123
174.0,고려대,31.2,489.5,5.5,0.9,13398.0,1123
175.0,월곡,65.8,467.0,4.6,0.9,20138.0,1123
176.0,상월곡,45.6,468.5,6.4,0.9,10461.0,1123
177.0,돌곶이,45.2,499.0,7.3,1.0,16076.0,1123
178.0,석계,47.7,492.7,7.0,1.0,37948.0,1123
179.0,태릉입구,64.6,485.3,4.9,1.0,24887.0,1123
180.0,화랑대,38.3,473.3,5.7,1.0,17982.0,1123
181.0,봉화산,36.5,457.0,4.7,1.0,15161.0,1123
182.0,수락산,61.2,464.0,8.2,1.1,22475.0,1123
183.0,마들,35.0,467.0,8.3,0.9,22633.0,1123
184.0,노원,35.1,488.7,9.1,1.0,79232.0,1123
185.0,중계,30.3,423.0,8.1,0.9,23240.0,1123
186.0,하계,30.4,445.5,5.1,0.9,30833.0,1123
187.0,공릉,35.7,487.5,5.8,0.9,20918.0,1123
188.0,태릉입구,38.2,462.7,5.8,0.9,24887.0,1123
189.0,먹골,36.3,460.5,8.8,0.9,18549.0,1123
190.0,중화,23.8,439.5,7.5,0.9,19596.0,1123
191.0,상봉,41.5,548.5,9.4,1.0,41624.0,1123
192.0,면목,45.0,451.0,8.4,0.9,28147.0,1123
193.0,사가정,44.2,450.5,8.7,0.9,29735.0,1123
194.0,용마산,31.8,466.5,7.9,0.9,10616.0,1123
195.0,중곡,40.8,449.0,6.6,0.9,18779.0,1123
196.0,군자,47.5,457.5,6.9,0.9,45811.0,1123
197.0,어린이대공원,32.3,467.0,9.5,1.0,22030.0,1123
198.0,건대입구,36.7,487.3,10.6,1.0,96527.0,1123
199.0,청담,34.2,505.5,7.5,0.8,33277.0,1123
200.0,강남구청,31.6,440.3,6.5,0.9,44958.0,1123
201.0,학동,31.2,442.5,8.7,0.9,38209.0,1123
202.0,논현,35.2,489.0,9.9,1.2,34460.0,1123
203.0,반포,58.3,500.7,10.6,0.9,10206.0,1123
204.0,고속터미널,63.2,593.3,15.0,1.1,154462.0,1123
205.0,내방,37.4,495.5,8.4,1.1,24709.0,1123
206.0,남성,39.9,449.0,8.1,1.7,18638.0,1123
207.0,숭실대입구,40.3,477.5,8.5,0.8,19613.0,1123
208.0,상도,45.7,452.0,9.5,0.8,18042.0,1123
209.0,장승배기,42.3,445.5,7.8,0.9,16730.0,1123
210.0,신대방삼거리,46.7,481.5,9.0,1.8,29103.0,1123
211.0,보라매,35.0,468.0,7.3,0.9,16475.0,1123
212.0,신풍,48.6,526.0,14.4,0.9,20155.0,1123
213.0,대림,39.9,549.5,12.9,0.8,61165.0,1123
214.0,남구로,53.2,538.0,16.8,0.8,28281.0,1123
215.0,가산디지털단지,54.0,552.0,14.6,0.8,99939.0,1123
216.0,철산,63.7,489.5,7.9,0.9,38589.0,1123
217.0,광명사거리,52.0,441.0,6.2,0.9,42469.0,1123
218.0,천왕,54.1,466.0,6.8,0.8,19355.0,1123
219.0,온수,55.6,450.7,6.4,0.8,28354.0,1123
220.0,암사,26.3,451.0,13.4,1.0,31552.0,1123
221.0,천호,34.0,505.5,11.2,1.1,66237.0,1123
222.0,강동구청,31.3,448.0,13.0,1.0,18813.0,1123
223.0,몽촌토성,35.3,527.0,7.0,0.9,10407.0,1123
224.0,잠실,24.8,634.7,10.0,1.0,169205.0,1123
225.0,석촌,31.5,478.0,9.6,1.0,29814.0,1123
226.0,송파,32.6,441.0,5.7,1.0,14078.0,1123
227.0,가락시장,29.1,449.0,6.8,1.0,29807.0,1123
228.0,문정,30.1,480.5,7.0,1.1,32424.0,1123
229.0,장지,29.8,462.0,7.0,1.0,29720.0,1123
230.0,복정,29.1,447.5,6.0,0.9,14489.0,1123
231.0,산성,36.0,436.5,10.5,0.8,9275.0,1123
232.0,남한산성입구,36.4,521.5,11.7,1.2,22314.0,1123
233.0,단대오거리,31.4,444.0,6.9,1.0,18470.0,1123
234.0,신흥,39.2,458.0,14.8,1.1,8937.0,1123
235.0,수진,36.8,459.5,19.7,1.0,9621.0,1123
236.0,모란,39.8,473.0,10.6,0.9,44452.0,1123
0.0,서울,39.9,566.0,11.5,0.7,129006.0,2123
1.0,시청,83.5,545.0,12.0,0.7,60692.0,2123
2.0,종각,110.0,500.0,12.2,0.7,45389.0,2123
3.0,동대문,96.6,585.0,7.9,1.0,47352.0,2123
4.0,동묘앞,34.3,457.0,4.7,0.5,35584.0,2123
5.0,신설동,64.8,517.0,6.9,0.6,26371.0,2123
6.0,제기동,71.0,442.0,4.2,0.5,32189.0,2123
7.0,청량리,56.8,452.0,6.0,0.8,68855.0,2123
8.0,시청,63.2,522.0,7.2,0.5,60692.0,2123
9.0,을지로입구,54.4,474.0,6.9,0.5,68156.0,2123
10.0,동대문역사문화공원,39.0,527.0,9.5,0.7,62298.0,2123
11.0,신당,45.6,483.0,10.0,1.0,32109.0,2123
12.0,상왕십리,59.3,466.0,8.3,0.6,16977.0,2123
13.0,왕십리,35.1,490.0,8.8,0.6,55575.0,2123
14.0,잠실,35.3,546.0,7.0,0.6,171903.0,2123
15.0,잠실새내,34.1,439.0,5.4,0.5,33795.0,2123
16.0,종합운동장,24.4,451.0,6.6,0.7,26047.0,2123
17.0,삼성,25.7,495.0,6.5,0.7,62714.0,2123
18.0,선릉,46.8,513.0,8.0,0.9,46262.0,2123
19.0,역삼,25.4,524.0,8.9,1.0,31342.0,2123
20.0,강남,32.9,610.0,12.2,0.8,94064.0,2123
21.0,교대,36.1,505.0,9.3,1.1,38886.0,2123
22.0,서초,50.1,467.0,9.2,1.0,18059.0,2123
23.0,방배,47.0,510.0,10.7,0.9,16730.0,2123
24.0,사당,45.6,507.0,8.4,0.9,91125.0,2123
25.0,낙성대,65.3,463.0,9.5,1.0,35596.0,2123
26.0,서울대입구,46.4,447.0,7.1,0.7,63460.0,2123
27.0,봉천,51.9,431.0,7.5,0.8,30538.0,2123
28.0,신림,67.6,529.0,10.1,0.7,88751.0,2123
29.0,신도림,50.5,481.0,7.5,0.6,72891.0,2123
30.0,문래,56.3,459.0,9.3,0.7,20594.0,2123
31.0,영등포구청,46.4,435.0,8.4,0.7,23167.0,2123
32.0,합정,35.4,528.0,9.8,0.8,75414.0,2123
33.0,홍대입구,43.3,509.0,7.1,0.8,181157.0,2123
34.0,신촌,33.0,441.0,8.1,0.9,61267.0,2123
35.0,이대,61.6,444.0,6.6,0.8,19965.0,2123
36.0,아현,45.3,457.0,8.7,0.6,14022.0,2123
37.0,충정로,60.6,439.0,8.8,0.7,12658.0,2123
38.0,용두,35.9,438.0,7.3,0.7,3370.0,2123
39.0,신설동,24.4,455.0,6.6,0.8,26371.0,2123
40.0,도림천,67.2,450.0,5.5,0.8,1421.0,2123
41.0,양천구청,46.9,438.0,9.1,0.8,8003.0,2123
42.0,신정네거리,46.4,450.0,12.1,0.8,13294.0,2123
43.0,구파발,32.7,470.0,6.6,0.7,28337.0,2123
44.0,연신내,44.1,459.0,8.4,0.8,52576.0,2123
45.0,불광,51.2,532.0,4.8,0.6,31940.0,2123
46.0,녹번,36.1,454.0,4.6,0.6,17740.0,2123
47.0,홍제,28.8,473.0,11.1,0.7,24044.0,2123
48.0,무악재,53.6,468.0,5.1,1.1,5369.0,2123
49.0,독립문,43.1,483.0,5.9,0.7,10674.0,2123
50.0,경복궁,43.2,466.0,9.0,0.5,34139.0,2123
51.0,안국,58.4,481.0,8.8,0.6,37561.0,2123
52.0,충무로,62.9,479.0,6.8,0.6,24440.0,2123
53.0,동대입구,68.9,474.0,7.9,1.0,15786.0,2123
54.0,약수,41.6,465.0,11.7,0.9,21076.0,2123
55.0,금호,48.0,477.0,10.6,0.9,10285.0,2123
56.0,압구정,43.0,541.0,13.7,0.9,47873.0,2123
57.0,신사,51.5,505.0,16.6,1.0,41337.0,2123
58.0,잠원,24.2,460.0,4.9,0.7,6054.0,2123
59.0,고속터미널,31.3,533.0,7.8,0.6,146449.0,2123
60.0,교대,34.2,504.0,8.5,0.8,38886.0,2123
61.0,남부터미널,32.4,472.0,10.4,0.8,36285.0,2123
62.0,양재,37.3,460.0,9.1,0.8,32568.0,2123
63.0,매봉,30.1,472.0,12.3,0.9,10268.0,2123
64.0,도곡,36.5,460.0,8.7,0.5,12496.0,2123
65.0,대치,31.1,468.0,9.2,0.7,18038.0,2123
66.0,학여울,20.3,466.0,9.1,1.1,1764.0,2123
67.0,대청,59.1,481.0,9.7,0.8,10682.0,2123
68.0,일원,48.6,488.0,6.1,0.5,8842.0,2123
69.0,수서,46.2,506.0,5.5,0.5,39400.0,2123
70.0,가락시장,21.7,478.0,5.4,0.6,22177.0,2123
71.0,경찰병원,24.5,496.0,5.3,0.5,7337.0,2123
72.0,오금,25.5,484.0,5.4,0.5,9893.0,2123
73.0,쌍문,50.4,505.0,10.0,0.7,38775.0,2123
74.0,수유,98.7,493.0,10.0,0.6,52003.0,2123
75.0,미아,49.4,480.0,12.2,0.5,20759.0,2123
76.0,미아사거리,43.8,485.0,11.4,0.7,41502.0,2123
77.0,길음,35.6,436.0,9.0,0.6,25820.0,2123
78.0,성신여대입구,58.4,516.0,12.2,0.7,37893.0,2123
79.0,한성대입구,47.1,513.0,10.4,0.9,17814.0,2123
80.0,혜화,36.7,467.0,11.9,0.7,60054.0,2123
81.0,동대문,56.7,485.0,14.4,0.8,47352.0,2123
82.0,동대문역사문화공원,39.5,502.0,10.9,0.7,62298.0,2123
83.0,충무로,53.0,491.0,7.9,0.5,24440.0,2123
84.0,명동,46.4,505.0,12.0,0.8,60963.0,2123
85.0,회현,40.5,466.0,10.0,0.7,39353.0,2123
86.0,서울,25.1,491.0,6.6,0.7,129006.0,2123
87.0,숙대입구,28.8,471.0,7.6,0.8,16940.0,2123
88.0,삼각지,23.3,470.0,5.0,0.8,17137.0,2123
89.0,신용산,37.4,480.0,5.3,0.9,23124.0,2123
90.0,이촌,74.2,473.0,8.3,1.0,21346.0,2123
91.0,총신대입구,39.8,482.0,8.2,0.8,26706.0,2123
92.0,사당,38.3,487.0,5.1,0.8,91125.0,2123
93.0,남태령,40.8,463.0,4.1,0.6,1517.0,2123
94.0,방화,67.4,373.0,7.1,0.6,8337.0,2123
95.0,개화산,57.2,368.0,8.1,0.3,7004.0,2123
96.0,김포공항,48.4,400.0,9.0,0.4,43504.0,2123
97.0,송정,39.6,490.0,7.7,0.5,9403.0,2123
98.0,마곡,27.2,476.0,4.0,0.4,10031.0,2123
99.0,발산,23.3,476.0,8.2,0.5,25707.0,2123
100.0,우장산,23.6,478.0,8.5,0.4,17918.0,2123
101.0,화곡,23.0,531.0,7.3,0.5,36756.0,2123
102.0,까치산,41.3,559.0,2.7,0.5,39140.0,2123
103.0,신정,59.5,497.0,3.2,0.4,15431.0,2123
104.0,목동,30.9,485.0,4.4,0.3,20204.0,2123
105.0,오목교,28.2,510.0,4.5,0.4,29906.0,2123
106.0,양평,29.8,482.0,4.8,0.3,11277.0,2123
107.0,영등포구청,26.4,533.0,4.1,0.5,23167.0,2123
108.0,영등포시장,32.6,501.0,4.9,0.4,14208.0,2123
109.0,신길,26.1,756.0,7.1,0.5,15493.0,2123
110.0,여의도,49.3,826.0,8.6,0.5,44762.0,2123
111.0,여의나루,42.2,658.0,6.6,0.3,17645.0,2123
112.0,마포,46.0,419.0,7.8,0.6,14434.0,2123
113.0,공덕,25.0,444.0,6.2,0.4,38821.0,2123
114.0,애오개,35.9,456.0,4.7,0.7,6865.0,2123
115.0,충정로,29.5,438.0,5.4,0.4,12658.0,2123
116.0,서대문,29.6,406.0,5.3,0.5,13920.0,2123
117.0,광화문,30.4,514.0,5.8,0.5,54973.0,2123
118.0,동대문역사문화공원,32.7,350.0,8.5,0.5,62298.0,2123
119.0,청구,36.9,342.0,7.4,1.0,8915.0,2123
120.0,신금호,29.4,381.0,4.6,0.6,8015.0,2123
121.0,행당,21.4,341.0,3.2,0.4,9306.0,2123
122.0,왕십리,27.6,507.0,7.9,0.5,55575.0,2123
123.0,마장,32.1,407.0,7.8,0.5,7820.0,2123
124.0,답십리,26.9,395.0,8.3,0.4,18879.0,2123
125.0,장한평,47.4,431.0,6.6,0.3,22107.0,2123
126.0,군자,31.4,481.0,7.8,0.3,34436.0,2123
127.0,아차산,42.0,429.0,8.7,0.6,22034.0,2123
128.0,광나루,30.6,411.0,8.8,0.4,18517.0,2123
129.0,천호,59.1,433.0,6.6,0.4,55150.0,2123
130.0,강동,29.0,484.0,8.0,0.5,20656.0,2123
131.0,길동,38.5,495.0,6.9,0.6,11937.0,2123
132.0,굽은다리,30.9,501.0,7.9,0.5,14211.0,2123
133.0,명일,45.1,503.0,6.2,0.4,10969.0,2123
134.0,고덕,39.1,484.0,6.8,0.5,11714.0,2123
135.0,상일동,50.1,533.0,6.1,0.5,16508.0,2123
136.0,강일,40.5,453.0,6.2,0.4,6162.0,2123
137.0,미사,51.6,469.0,7.3,0.5,23767.0,2123
138.0,하남풍산,41.6,456.0,9.2,0.5,6012.0,2123
139.0,하남시청,35.3,481.0,5.4,0.6,10767.0,2123
140.0,하남검단산,26.5,463.0,6.4,0.4,10523.0,2123
141.0,둔촌동,34.0,523.0,7.9,0.7,11359.0,2123
142.0,올림픽공원,34.1,496.0,8.8,0.6,32680.0,2123
143.0,방이,31.7,482.0,6.6,0.5,9734.0,2123
144.0,오금,28.9,463.0,6.8,0.5,9893.0,2123
145.0,개롱,29.9,474.0,5.7,0.3,7770.0,2123
146.0,거여,30.6,486.0,7.5,0.3,11289.0,2123
147.0,마천,35.7,489.0,2.9,0.5,8834.0,2123
148.0,응암,50.4,514.0,10.9,0.4,23915.0,2123
149.0,역촌,56.0,494.0,14.9,0.6,5456.0,2123
150.0,불광,38.8,558.0,16.5,1.0,31940.0,2123
151.0,독바위,25.5,447.0,8.7,0.5,3725.0,2123
152.0,연신내,38.3,534.0,9.0,0.4,52576.0,2123
153.0,구산,31.6,479.0,8.3,0.5,9154.0,2123
154.0,새절,31.3,481.0,6.5,0.3,15470.0,2123
155.0,증산,32.6,478.0,6.1,0.3,13549.0,2123
156.0,디지털미디어시티,34.8,500.0,3.8,0.4,26386.0,2123
157.0,월드컵경기장,27.7,454.0,6.3,0.3,8436.0,2123
158.0,마포구청,42.7,533.0,3.4,0.5,16033.0,2123
159.0,망원,39.9,531.0,7.1,0.7,24205.0,2123
160.0,합정,42.1,579.0,6.7,0.4,75414.0,2123
161.0,상수,42.0,499.0,5.7,0.3,19355.0,2123
162.0,광흥창,33.5,464.0,7.0,0.3,9152.0,2123
163.0,대흥,34.0,491.0,7.8,0.6,10621.0,2123
164.0,공덕,28.5,503.0,5.9,0.6,38821.0,2123
165.0,효창공원앞,37.2,515.0,11.4,0.4,10751.0,2123
166.0,삼각지,45.2,583.0,7.8,0.7,17137.0,2123
167.0,녹사평,32.6,477.0,9.6,0.5,8737.0,2123
168.0,이태원,31.3,541.0,7.5,0.3,23621.0,2123
169.0,한강진,39.0,493.0,9.3,0.3,18635.0,2123
170.0,버티고개,45.4,505.0,7.3,0.6,2653.0,2123
171.0,약수,37.1,581.0,5.9,0.7,21076.0,2123
172.0,청구,39.8,488.0,10.9,0.3,8915.0,2123
173.0,신당,27.4,557.0,10.7,0.8,32109.0,2123
174.0,동묘앞,40.6,592.0,12.7,0.5,35584.0,2123
175.0,창신,34.1,485.0,8.6,0.4,3666.0,2123
176.0,보문,44.3,510.0,10.5,0.3,11224.0,2123
177.0,안암,40.3,553.0,9.8,0.9,10392.0,2123
178.0,고려대,30.0,492.0,19.6,0.7,9542.0,2123
179.0,월곡,39.6,485.0,5.8,0.3,13074.0,2123
180.0,상월곡,25.9,463.0,4.6,0.5,7002.0,2123
181.0,돌곶이,29.7,486.0,4.0,0.4,11741.0,2123
182.0,석계,30.4,545.0,4.8,0.5,28451.0,2123
183.0,태릉입구,28.6,479.0,6.2,0.3,19317.0,2123
184.0,화랑대,28.7,496.0,7.4,0.5,10883.0,2123
185.0,봉화산,33.6,470.0,7.0,0.4,9434.0,2123
186.0,수락산,37.0,502.0,10.0,0.4,17847.0,2123
187.0,마들,27.8,555.0,10.1,0.6,16277.0,2123
188.0,노원,41.4,527.0,9.0,0.6,65274.0,2123
189.0,중계,32.4,509.0,8.4,0.5,16012.0,2123
190.0,하계,35.2,561.0,9.5,0.5,21652.0,2123
191.0,공릉,37.9,543.0,8.7,0.7,15406.0,2123
192.0,태릉입구,33.1,487.0,10.4,0.5,19317.0,2123
193.0,먹골,31.5,463.0,8.5,0.4,14107.0,2123
194.0,중화,30.6,536.0,10.0,0.6,13529.0,2123
195.0,상봉,34.6,576.0,11.1,0.6,33358.0,2123
196.0,면목,27.0,765.0,6.8,0.4,19932.0,2123
197.0,사가정,37.7,666.0,7.3,0.4,22238.0,2123
198.0,용마산,36.5,479.0,8.0,0.4,7470.0,2123
199.0,중곡,30.7,500.0,6.7,0.4,12711.0,2123
200.0,군자,40.3,514.0,6.3,0.4,34436.0,2123
201.0,어린이대공원,26.4,693.0,8.9,0.4,17178.0,2123
202.0,건대입구,29.7,544.0,12.6,0.6,90221.0,2123
203.0,청담,24.6,583.0,10.6,0.6,17726.0,2123
204.0,강남구청,26.5,622.0,10.3,0.4,23427.0,2123
205.0,학동,34.3,724.0,12.3,0.4,16048.0,2123
206.0,논현,30.3,561.0,11.7,0.5,16624.0,2123
207.0,반포,27.7,734.0,11.6,0.5,8154.0,2123
208.0,고속터미널,42.5,692.0,18.8,0.5,146449.0,2123
209.0,내방,40.1,491.0,11.6,0.4,13826.0,2123
210.0,남성,48.6,690.0,14.2,0.4,13611.0,2123
211.0,숭실대입구,42.1,713.0,12.3,0.5,13928.0,2123
212.0,상도,50.9,550.0,15.5,0.6,13275.0,2123
213.0,장승배기,45.9,540.0,17.9,0.8,11537.0,2123
214.0,신대방삼거리,28.8,540.0,14.7,0.6,18799.0,2123
215.0,보라매,40.9,528.0,15.5,0.5,12467.0,2123
216.0,신풍,31.2,716.0,10.0,0.4,14119.0,2123
217.0,대림,27.5,859.0,11.4,0.5,53793.0,2123
218.0,남구로,27.5,636.0,16.2,0.7,16503.0,2123
219.0,가산디지털단지,29.3,672.0,16.9,0.5,37006.0,2123
220.0,철산,29.2,546.0,14.1,0.4,27184.0,2123
221.0,광명사거리,36.2,535.0,14.1,0.4,32547.0,2123
222.0,천왕,47.8,525.0,7.2,0.5,12323.0,2123
223.0,온수,30.9,516.0,15.6,0.3,18490.0,2123
224.0,암사,39.1,731.0,16.4,0.4,22132.0,2123
225.0,천호,27.3,574.0,18.8,0.5,55150.0,2123
226.0,강동구청,28.2,587.0,17.8,0.5,11473.0,2123
227.0,몽촌토성,55.2,493.0,12.4,0.5,7868.0,2123
228.0,잠실,33.5,885.0,11.1,0.3,171903.0,2123
229.0,석촌,47.8,542.0,16.0,0.4,24512.0,2123
230.0,송파,33.6,738.0,13.1,0.3,11170.0,2123
231.0,가락시장,27.1,712.0,12.3,0.5,22177.0,2123
232.0,문정,38.6,559.0,14.2,0.5,12079.0,2123
233.0,장지,29.8,502.0,22.7,0.4,22264.0,2123
234.0,복정,24.4,541.0,16.3,0.5,9922.0,2123
235.0,산성,28.5,674.0,6.1,0.4,6967.0,2123
236.0,남한산성입구,24.7,693.0,3.5,0.6,15721.0,2123
237.0,단대오거리,26.2,469.0,9.2,0.4,14767.0,2123
238.0,신흥,38.2,511.0,20.2,0.8,7900.0,2123
239.0,수진,27.8,403.0,11.5,0.6,7442.0,2123
240.0,모란,24.2,398.0,11.1,0.5,36047.0,2123
241.0,종합운동장,43.2,458.0,5.7,2.1,26047.0,2123
242.0,석촌,51.7,467.0,5.4,0.6,24512.0,2123
243.0,올림픽공원,49.1,465.0,6.1,0.5,32680.0,2123
,서울,"11    33.619049
dtype: float64","11    521.795602
dtype: float64","11    7.677089
dtype: float64","11    0.963725
dtype: float64","11    128914.74799
dtype: float64",2023
,시청,"12    74.770744
dtype: float64","12    495.29351
dtype: float64","12    4.605899
dtype: float64","12    0.719479
dtype: float64","12    60692.000001
dtype: float64",2023
,종각,"6    83.483919
dtype: float64","6    600.356866
dtype: float64","6    16.526135
dtype: float64","6    1.122739
dtype: float64","6    39917.75506
dtype: float64",2023
,동대문,"12    82.241622
dtype: float64","12    549.163422
dtype: float64","12    13.174281
dtype: float64","12    0.918569
dtype: float64","12    47352.000042
dtype: float64",2023
,동묘앞,"12    43.26139
dtype: float64","12    550.329265
dtype: float64","12    10.825437
dtype: float64","12    0.508995
dtype: float64","12    34835.680876
dtype: float64",2023
,신설동,"12    52.75624
dtype: float64","12    524.068919
dtype: float64","12    5.317039
dtype: float64","12    0.91306
dtype: float64","12    26371.0
dtype: float64",2023
,제기동,"6    81.416946
dtype: float64","6    488.157327
dtype: float64","6    8.680012
dtype: float64","6    0.998161
dtype: float64","6    32177.187089
dtype: float64",2023
,청량리,"6    56.80002
dtype: float64","6    485.075489
dtype: float64","6    6.000002
dtype: float64","6    1.340617
dtype: float64","6    70140.076072
dtype: float64",2023
,을지로입구,"6    62.497743
dtype: float64","6    451.689598
dtype: float64","6    7.890009
dtype: float64","6    0.661501
dtype: float64","6    80774.475144
dtype: float64",2023
,동대문역사문화공원,"18    35.59958
dtype: float64","18    302.589422
dtype: float64","18    9.050272
dtype: float64","18    0.694578
dtype: float64","18    62298.0
dtype: float64",2023
,신당,"12    21.507365
dtype: float64","12    566.445907
dtype: float64","12    12.459604
dtype: float64","12    0.889685
dtype: float64","12    32109.000001
dtype: float64",2023
,상왕십리,"6    70.746425
dtype: float64","6    465.999866
dtype: float64","6    8.220006
dtype: float64","6    0.6
dtype: float64","6    13465.890343
dtype: float64",2023
,왕십리,"12    35.613555
dtype: float64","12    544.604585
dtype: float64","12    8.037043
dtype: float64","12    0.681359
dtype: float64","12    55575.000001
dtype: float64",2023
,잠실,"12    34.611475
dtype: float64","12    708.914827
dtype: float64","12    10.880326
dtype: float64","12    0.469318
dtype: float64","12    171903.0
dtype: float64",2023
,잠실새내,"5    62.221071
dtype: float64","5    717.531867
dtype: float64","5    3.279178
dtype: float64","5    0.6171
dtype: float64","5    29780.478432
dtype: float64",2023
,종합운동장,"8    29.137509
dtype: float64","8    483.007418
dtype: float64","8    8.299414
dtype: float64","8    1.705553
dtype: float64","8    24062.133435
dtype: float64",2023
,삼성,"6    62.204946
dtype: float64","6    616.507574
dtype: float64","6    10.038691
dtype: float64","6    0.772959
dtype: float64","6    43985.415037
dtype: float64",2023
,선릉,"6    34.887084
dtype: float64","6    636.907835
dtype: float64","6    8.160553
dtype: float64","6    0.892338
dtype: float64","6    46261.965941
dtype: float64",2023
,역삼,"6    33.047476
dtype: float64","6    629.194262
dtype: float64","6    8.967706
dtype: float64","6    0.970775
dtype: float64","6    31341.972499
dtype: float64",2023
,강남,"6    39.881848
dtype: float64","6    845.687279
dtype: float64","6    14.486424
dtype: float64","6    1.094502
dtype: float64","6    93781.676964
dtype: float64",2023
,교대,"11    37.038053
dtype: float64","11    509.394336
dtype: float64","11    6.691773
dtype: float64","11    1.170944
dtype: float64","11    53131.454924
dtype: float64",2023
,서초,"6    59.078018
dtype: float64","6    466.999939
dtype: float64","6    6.423478
dtype: float64","6    0.247552
dtype: float64","6    18058.988863
dtype: float64",2023
,방배,"6    52.595013
dtype: float64","6    510.000024
dtype: float64","6    10.700164
dtype: float64","6    0.725545
dtype: float64","6    16729.99497
dtype: float64",2023
,사당,"11    35.916615
dtype: float64","11    503.173357
dtype: float64","11    6.585123
dtype: float64","11    0.772761
dtype: float64","11    93712.227174
dtype: float64",2023
,낙성대,"6    72.148349
dtype: float64","6    529.674402
dtype: float64","6    9.239432
dtype: float64","6    0.79366
dtype: float64","6    27371.919341
dtype: float64",2023
,서울대입구,"6    45.178419
dtype: float64","6    497.402596
dtype: float64","6    10.826772
dtype: float64","6    0.7
dtype: float64","6    94999.878884
dtype: float64",2023
,봉천,"6    47.555669
dtype: float64","6    476.909471
dtype: float64","6    9.14036
dtype: float64","6    0.8
dtype: float64","6    27844.685801
dtype: float64",2023
,신림,"6    67.599971
dtype: float64","6    530.918777
dtype: float64","6    10.100005
dtype: float64","6    0.696046
dtype: float64","6    122200.686433
dtype: float64",2023
,신도림,"6    57.139584
dtype: float64","6    512.917811
dtype: float64","6    5.614213
dtype: float64","6    0.6
dtype: float64","6    72908.27085
dtype: float64",2023
,문래,"6    71.450682
dtype: float64","6    458.999948
dtype: float64","6    6.743051
dtype: float64","6    0.715567
dtype: float64","6    20593.990634
dtype: float64",2023
,영등포구청,"12    38.484434
dtype: float64","12    466.725343
dtype: float64","12    6.718838
dtype: float64","12    0.626762
dtype: float64","12    23167.000676
dtype: float64",2023
,합정,"12    49.311069
dtype: float64","12    563.132643
dtype: float64","12    7.950671
dtype: float64","12    0.715668
dtype: float64","12    75414.000004
dtype: float64",2023
,홍대입구,"6    36.675432
dtype: float64","6    498.334366
dtype: float64","6    6.372906
dtype: float64","6    1.11967
dtype: float64",,2023
,신촌,"6    45.503074
dtype: float64","6    461.382075
dtype: float64","6    9.462616
dtype: float64","6    0.415243
dtype: float64","6    72914.595807
dtype: float64",2023
,이대,"6    68.799186
dtype: float64","6    466.046117
dtype: float64","6    5.059656
dtype: float64","6    0.8
dtype: float64","6    25879.206643
dtype: float64",2023
,아현,"6    46.745416
dtype: float64","6    500.055675
dtype: float64","6    8.700019
dtype: float64","6    0.117634
dtype: float64","6    19000.568143
dtype: float64",2023
,충정로,"12    37.541392
dtype: float64","12    439.407897
dtype: float64","12    5.801864
dtype: float64","12    0.538167
dtype: float64","12    12174.870593
dtype: float64",2023
,도림천,"6    89.872849
dtype: float64","6    450.000343
dtype: float64","6    5.406101
dtype: float64","6    0.316125
dtype: float64","6   -161.190634
dtype: float64",2023
,양천구청,"6    50.610394
dtype: float64","6    407.472503
dtype: float64","6    9.100008
dtype: float64","6    0.635375
dtype: float64","6    6615.488085
dtype: float64",2023
,신정네거리,"6    45.809094
dtype: float64","6    449.999966
dtype: float64","6    7.66854
dtype: float64","6    0.8
dtype: float64","6    15338.227501
dtype: float64",2023
,용두,"6    27.416815
dtype: float64","6    437.999989
dtype: float64","6    8.638989
dtype: float64","6    0.786822
dtype: float64","6    3139.319766
dtype: float64",2023
,구파발,"6    42.768533
dtype: float64","6    466.367008
dtype: float64","6    8.253681
dtype: float64","6    0.53085
dtype: float64","6    38292.9623
dtype: float64",2023
,연신내,"12    40.946192
dtype: float64","12    495.145619
dtype: float64","12    9.036821
dtype: float64","12    0.900612
dtype: float64","12    52576.0
dtype: float64",2023
,무악재,"6    71.057514
dtype: float64","6    517.890529
dtype: float64","6    6.545719
dtype: float64","6    0.766134
dtype: float64","6    5125.738302
dtype: float64",2023
,독립문,"6    54.53571
dtype: float64","6    507.672617
dtype: float64","6    5.28101
dtype: float64","6    0.615861
dtype: float64","6    12612.731011
dtype: float64",2023
,경복궁,"6    55.857472
dtype: float64","6    483.464166
dtype: float64","6    10.991375
dtype: float64","6    0.5
dtype: float64","6    34389.442446
dtype: float64",2023
,충무로,"12    55.549899
dtype: float64","12    436.642487
dtype: float64","12    7.649676
dtype: float64","12    0.967727
dtype: float64","12    24440.000118
dtype: float64",2023
,동대입구,"6    70.392738
dtype: float64","6    482.259482
dtype: float64","6    7.900002
dtype: float64","6    0.833132
dtype: float64","6    16311.85798
dtype: float64",2023
,압구정,"6    48.578014
dtype: float64","6    575.209752
dtype: float64","6    13.572438
dtype: float64","6    1.226992
dtype: float64","6    71987.642289
dtype: float64",2023
,고속터미널,"12    46.009627
dtype: float64","12    595.052633
dtype: float64","12    12.118327
dtype: float64","12    0.980519
dtype: float64","12    146449.000013
dtype: float64",2023
,남부터미널,"6    41.660585
dtype: float64","6    509.253913
dtype: float64","6    10.400045
dtype: float64","6    0.8
dtype: float64","6    29752.247776
dtype: float64",2023
,학여울,"6    18.589508
dtype: float64","6    435.372355
dtype: float64","6    11.658695
dtype: float64","6    0.385714
dtype: float64","6    2663.110753
dtype: float64",2023
,가락시장,"12    30.353017
dtype: float64","12    504.213217
dtype: float64","12    14.281953
dtype: float64","12    0.72386
dtype: float64","12    22177.000156
dtype: float64",2023
,경찰병원,"6    24.499965
dtype: float64","6    431.418694
dtype: float64","6    5.140471
dtype: float64","6    0.5
dtype: float64",,2023
,미아사거리,"6    43.799967
dtype: float64","6    494.803751
dtype: float64","6    6.484833
dtype: float64","6    0.652716
dtype: float64","6    53387.748405
dtype: float64",2023
,성신여대입구,"6    58.399967
dtype: float64","6    515.999922
dtype: float64","6    12.200008
dtype: float64","6    0.811998
dtype: float64","6    53629.310257
dtype: float64",2023
,한성대입구,"6    47.099884
dtype: float64","6    486.974685
dtype: float64","6    8.143177
dtype: float64","6    0.9
dtype: float64","6    20970.044943
dtype: float64",2023
,숙대입구,"6    41.961495
dtype: float64","6    470.999871
dtype: float64","6    8.152313
dtype: float64","6    0.8
dtype: float64","6    13672.918104
dtype: float64",2023
,삼각지,"12    43.87505
dtype: float64","12    506.351665
dtype: float64","12    8.877212
dtype: float64","12    0.78162
dtype: float64","12    16873.669918
dtype: float64",2023
,신용산,"6    37.399967
dtype: float64","6    506.040128
dtype: float64","6    4.654214
dtype: float64","6    1.483178
dtype: float64","6    30879.279308
dtype: float64",2023
,총신대입구,"6    50.475941
dtype: float64","6    491.416052
dtype: float64","6    8.200082
dtype: float64","6    0.800001
dtype: float64","6    26471.368645
dtype: float64",2023
,남태령,"6    58.667971
dtype: float64","6    466.706651
dtype: float64","6    4.100001
dtype: float64","6    1.657961
dtype: float64","6    1800.618726
dtype: float64",2023
,방화,"5    83.54301
dtype: float64","5    259.483799
dtype: float64","5    1.387652
dtype: float64","5    0.677496
dtype: float64","5    7925.997875
dtype: float64",2023
,개화산,"6    57.200029
dtype: float64","6    482.905678
dtype: float64","6    6.60465
dtype: float64","6    0.430462
dtype: float64","6    4863.925685
dtype: float64",2023
,김포공항,"6    62.193158
dtype: float64","6    358.538307
dtype: float64","6    4.984159
dtype: float64","6    0.540005
dtype: float64","6    57957.277095
dtype: float64",2023
,송정,"6    37.795017
dtype: float64","6    514.497181
dtype: float64","6    5.267825
dtype: float64","6    0.557166
dtype: float64","6    12010.178037
dtype: float64",2023
,마곡,"6    53.770359
dtype: float64","6    514.628328
dtype: float64","6    4.000001
dtype: float64","6    0.505219
dtype: float64","6    10030.995522
dtype: float64",2023
,발산,"6    10.589435
dtype: float64","6    502.83235
dtype: float64","6    8.200006
dtype: float64","6    0.556089
dtype: float64","6    32767.557089
dtype: float64",2023
,우장산,"6    56.00516
dtype: float64","6    444.861585
dtype: float64","6    6.999172
dtype: float64","6    0.75819
dtype: float64","6    14886.990438
dtype: float64",2023
,화곡,"6    22.999983
dtype: float64","6    482.670702
dtype: float64","6    6.327017
dtype: float64","6    0.756101
dtype: float64","6    36771.831435
dtype: float64",2023
,까치산,"6    45.499474
dtype: float64","6    559.000052
dtype: float64","6    2.699994
dtype: float64","6    0.850012
dtype: float64","6    39145.410943
dtype: float64",2023
,신정,"6    59.444626
dtype: float64","6    468.318492
dtype: float64","6    4.850774
dtype: float64","6    0.318979
dtype: float64","6    15430.996148
dtype: float64",2023
,목동,"6    60.867948
dtype: float64","6    485.000015
dtype: float64","6    4.353603
dtype: float64","6    0.3
dtype: float64","6    30213.56726
dtype: float64",2023
,오목교,"6    42.342715
dtype: float64","6    533.664006
dtype: float64","6    4.865532
dtype: float64","6    0.711207
dtype: float64","6    24202.403462
dtype: float64",2023
,양평,"6    29.799986
dtype: float64","6    478.282016
dtype: float64","6    4.800004
dtype: float64","6    0.574886
dtype: float64","6    11276.996501
dtype: float64",2023
,영등포시장,"6    58.101681
dtype: float64","6    549.163809
dtype: float64","6    6.720702
dtype: float64","6    0.336572
dtype: float64","6    18765.4933
dtype: float64",2023
,신길,"6    44.603349
dtype: float64","6    477.309172
dtype: float64","6    7.08645
dtype: float64","6    0.895912
dtype: float64","6    20915.357958
dtype: float64",2023
,여의도,"6    49.299994
dtype: float64","6    613.811583
dtype: float64","6    8.600001
dtype: float64","6    0.72873
dtype: float64","6    44761.973358
dtype: float64",2023
,여의나루,"6    54.236981
dtype: float64","6    408.633579
dtype: float64","6    6.600002
dtype: float64","6    0.561712
dtype: float64","6    17645.00587
dtype: float64",2023
,마포,"6    51.244873
dtype: float64","6    476.779566
dtype: float64","6    7.800016
dtype: float64","6    0.795404
dtype: float64","6    23999.075755
dtype: float64",2023
,공덕,"12    16.04114
dtype: float64","12    501.583733
dtype: float64","12    6.131327
dtype: float64","12    0.71087
dtype: float64","12    38821.000214
dtype: float64",2023
,애오개,"6    52.045755
dtype: float64","6    457.783682
dtype: float64","6    3.481494
dtype: float64","6    0.91543
dtype: float64","6    6864.99697
dtype: float64",2023
,서대문,"6    29.599974
dtype: float64","6    405.999767
dtype: float64","6    7.203407
dtype: float64","6    0.669769
dtype: float64","6    13919.990856
dtype: float64",2023
,광화문,"6    35.814601
dtype: float64","6    543.76212
dtype: float64","6    6.353863
dtype: float64","6    0.7029
dtype: float64","6    55710.582005
dtype: float64",2023
,청구,"12    40.205447
dtype: float64","12    476.05352
dtype: float64","12    11.801865
dtype: float64","12    0.54039
dtype: float64","12    8714.359351
dtype: float64",2023
,신금호,"6    29.399968
dtype: float64","6    437.927153
dtype: float64","6    6.394344
dtype: float64","6    0.952766
dtype: float64","6    6513.472208
dtype: float64",2023
,행당,"6    21.399965
dtype: float64","6    311.815983
dtype: float64","6    2.775916
dtype: float64","6    0.895604
dtype: float64","6    5751.984745
dtype: float64",2023
,마장,"6    60.305581
dtype: float64","6    406.999981
dtype: float64","6    9.151586
dtype: float64","6    0.5
dtype: float64","6    5947.064054
dtype: float64",2023
,답십리,"6    26.899994
dtype: float64","6    530.615028
dtype: float64","6    8.952576
dtype: float64","6    0.667416
dtype: float64",,2023
,장한평,"6    43.981466
dtype: float64","6    339.220743
dtype: float64","6    5.548824
dtype: float64","6    0.7219
dtype: float64","6    22132.510645
dtype: float64",2023
,군자,"12    42.571497
dtype: float64","12    502.876553
dtype: float64","12    6.834628
dtype: float64","12    0.599998
dtype: float64","12    34436.000001
dtype: float64",2023
,아차산,"6    42.000012
dtype: float64","6    664.011701
dtype: float64","6    9.001889
dtype: float64","6    0.6
dtype: float64","6    26783.429024
dtype: float64",2023
,광나루,"6    30.600003
dtype: float64","6    446.304973
dtype: float64","6    8.800278
dtype: float64","6    0.913086
dtype: float64","6    24071.138294
dtype: float64",2023
,천호,"12    40.241736
dtype: float64","12    554.808532
dtype: float64","12    18.849076
dtype: float64","12    0.613948
dtype: float64","12    55150.000001
dtype: float64",2023
,강동,"6    18.496141
dtype: float64","6    499.041593
dtype: float64","6    5.222122
dtype: float64","6    0.704608
dtype: float64","6    30158.379981
dtype: float64",2023
,길동,"6    38.500046
dtype: float64","6    495.000034
dtype: float64","6    6.460571
dtype: float64","6    0.869962
dtype: float64","6    16314.998217
dtype: float64",2023
,굽은다리,"6    29.000077
dtype: float64","6    579.614609
dtype: float64","6    5.955228
dtype: float64","6    0.5
dtype: float64","6    18248.309812
dtype: float64",2023
,명일,"6    45.100014
dtype: float64","6    564.938971
dtype: float64","6    6.200002
dtype: float64","6    0.737961
dtype: float64","6    15516.635259
dtype: float64",2023
,고덕,"6    47.110312
dtype: float64","6    484.000013
dtype: float64","6    7.645747
dtype: float64","6    0.728156
dtype: float64","6    19725.728431
dtype: float64",2023
,상일동,"6    73.499476
dtype: float64","6    631.505838
dtype: float64","6    5.837925
dtype: float64","6    0.735064
dtype: float64","6    23046.542209
dtype: float64",2023
,둔촌동,"6    33.582612
dtype: float64","6    554.530901
dtype: float64","6    7.900008
dtype: float64","6    0.883263
dtype: float64","6    12045.329667
dtype: float64",2023
,올림픽공원,"7    56.213305
dtype: float64","7    488.74071
dtype: float64","7    6.662791
dtype: float64","7    0.571515
dtype: float64","7    25689.337438
dtype: float64",2023
,방이,"6    66.619976
dtype: float64","6    482.000008
dtype: float64","6    6.600001
dtype: float64","6    0.773119
dtype: float64","6    13404.787468
dtype: float64",2023
,오금,"11    12.433823
dtype: float64","11    479.737493
dtype: float64","11    5.674197
dtype: float64","11    0.67357
dtype: float64","11    11639.372837
dtype: float64",2023
,개롱,"6    53.21857
dtype: float64","6    464.802926
dtype: float64","6    4.780484
dtype: float64","6    0.834583
dtype: float64","6    6228.808114
dtype: float64",2023
,거여,"6    65.190316
dtype: float64","6    537.318647
dtype: float64","6    8.493418
dtype: float64","6    1.054179
dtype: float64","6    15398.005138
dtype: float64",2023
,마천,"6    35.700023
dtype: float64","6    562.103853
dtype: float64","6    2.125577
dtype: float64","6    0.970045
dtype: float64","6    8833.998141
dtype: float64",2023
,응암,"6    67.163922
dtype: float64","6    483.589282
dtype: float64","6    10.244517
dtype: float64","6    0.4
dtype: float64","6    19959.205541
dtype: float64",2023
,역촌,"6    60.205521
dtype: float64","6    521.362275
dtype: float64","6    9.183792
dtype: float64","6    0.998102
dtype: float64","6    8954.564168
dtype: float64",2023
,불광,"11    44.816126
dtype: float64","11    526.413833
dtype: float64","11    15.130323
dtype: float64","11    0.785627
dtype: float64","11    32780.24455
dtype: float64",2023
,독바위,"6    52.193695
dtype: float64","6    446.999966
dtype: float64","6    8.70034
dtype: float64","6    0.877281
dtype: float64","6    4664.614735
dtype: float64",2023
,구산,"6    73.190683
dtype: float64","6    461.897607
dtype: float64","6    8.30003
dtype: float64","6    1.125154
dtype: float64","6    8657.128052
dtype: float64",2023
,새절,"6    50.869273
dtype: float64","6    481.000009
dtype: float64","6    7.21733
dtype: float64","6    0.299999
dtype: float64","6    15095.402933
dtype: float64",2023
,증산,"6    58.730054
dtype: float64","6    517.913074
dtype: float64","6    17.229968
dtype: float64","6    0.264172
dtype: float64","6    11558.43789
dtype: float64",2023
,디지털미디어시티,"6    62.310709
dtype: float64","6    506.003802
dtype: float64","6    3.799977
dtype: float64","6    0.399999
dtype: float64","6    26385.987857
dtype: float64",2023
,월드컵경기장,"6    52.272513
dtype: float64","6    522.716222
dtype: float64","6    6.026079
dtype: float64","6    0.299999
dtype: float64","6    7901.931523
dtype: float64",2023
,마포구청,"6    66.948947
dtype: float64",,"6    3.399998
dtype: float64","6    1.008172
dtype: float64","6    23728.954637
dtype: float64",2023
,망원,"6    48.982169
dtype: float64","6    484.264947
dtype: float64","6    5.140474
dtype: float64","6    0.699997
dtype: float64","6    28637.224749
dtype: float64",2023
,상수,"6    50.556606
dtype: float64","6    556.166925
dtype: float64","6    9.674358
dtype: float64","6    0.299999
dtype: float64","6    19506.879353
dtype: float64",2023
,광흥창,"6    28.216322
dtype: float64","6    463.999949
dtype: float64","6    9.941592
dtype: float64","6    0.299999
dtype: float64","6    9171.863381
dtype: float64",2023
,대흥,"6    39.841722
dtype: float64","6    490.999278
dtype: float64","6    7.592788
dtype: float64","6    0.943913
dtype: float64","6    10616.904277
dtype: float64",2023
,효창공원앞,"6    53.425205
dtype: float64","6    515.001026
dtype: float64","6    7.870997
dtype: float64","6    0.723902
dtype: float64","6    16780.336782
dtype: float64",2023
,녹사평,"6    42.437451
dtype: float64","6    499.574397
dtype: float64","6    10.38428
dtype: float64","6    0.207012
dtype: float64","6    10324.117016
dtype: float64",2023
,이태원,"6    37.641066
dtype: float64","6    437.716283
dtype: float64","6    10.535961
dtype: float64","6    0.665211
dtype: float64","6    25074.519347
dtype: float64",2023
,한강진,"6    43.58609
dtype: float64","6    503.209057
dtype: float64","6    8.27593
dtype: float64","6    0.495729
dtype: float64","6    14540.416106
dtype: float64",2023
,버티고개,"6    61.00224
dtype: float64","6    493.728056
dtype: float64","6    9.369379
dtype: float64","6    0.599999
dtype: float64","6    3424.772378
dtype: float64",2023
,약수,"11    47.194502
dtype: float64","11    545.892355
dtype: float64","11    9.386629
dtype: float64","11    0.952297
dtype: float64","11    23471.519855
dtype: float64",2023
,창신,"6    34.099995
dtype: float64","6    484.99988
dtype: float64","6    9.162283
dtype: float64","6    0.847289
dtype: float64","6   -2746.377413
dtype: float64",2023
,보문,"6    38.823371
dtype: float64","6    618.84428
dtype: float64","6    10.820457
dtype: float64","6    0.485238
dtype: float64","6    11228.629267
dtype: float64",2023
,안암,"6    51.328133
dtype: float64",,"6    9.800002
dtype: float64","6    1.030319
dtype: float64","6    8042.246136
dtype: float64",2023
,고려대,"6    29.999999
dtype: float64","6    492.000034
dtype: float64","6    19.600019
dtype: float64","6    1.025091
dtype: float64","6    8352.558736
dtype: float64",2023
,월곡,"6    57.877684
dtype: float64","6    522.739846
dtype: float64","6    5.800001
dtype: float64","6    0.299999
dtype: float64","6    11165.472063
dtype: float64",2023
,상월곡,"6    40.3584
dtype: float64","6    482.445524
dtype: float64","6    5.918656
dtype: float64","6    0.793132
dtype: float64","6    12110.47915
dtype: float64",2023
,돌곶이,"6    23.90217
dtype: float64","6    485.999862
dtype: float64","6    6.314872
dtype: float64","6    1.036503
dtype: float64","6    16809.499026
dtype: float64",2023
,석계,"6    36.443861
dtype: float64","6    497.132795
dtype: float64","6    6.075445
dtype: float64","6    0.5
dtype: float64","6    27482.020853
dtype: float64",2023
,태릉입구,"12    36.500575
dtype: float64","12    493.645551
dtype: float64","12    10.507618
dtype: float64","12    0.546791
dtype: float64","12    19317.000041
dtype: float64",2023
,화랑대,"6    22.249606
dtype: float64","6    513.963282
dtype: float64","6    5.871758
dtype: float64","6    0.891233
dtype: float64","6    10743.250405
dtype: float64",2023
,봉화산,"6    37.622222
dtype: float64","6    470.000027
dtype: float64","6    7.000002
dtype: float64","6    0.945773
dtype: float64","6    9433.996898
dtype: float64",2023
,수락산,"6    21.288974
dtype: float64","6    513.075681
dtype: float64","6    10.000003
dtype: float64","6    1.033688
dtype: float64","6    23238.284885
dtype: float64",2023
,마들,"6    27.799992
dtype: float64","6    546.231923
dtype: float64","6    11.088086
dtype: float64","6    0.855401
dtype: float64","6    16145.672593
dtype: float64",2023
,노원,"6    43.633099
dtype: float64","6    527.000021
dtype: float64","6    9.050218
dtype: float64","6    0.924328
dtype: float64","6    80087.933731
dtype: float64",2023
,중계,"6    39.712538
dtype: float64","6    523.723958
dtype: float64","6    8.199241
dtype: float64","6    0.872003
dtype: float64","6    16011.996086
dtype: float64",2023
,하계,"6    42.779726
dtype: float64","6    578.897813
dtype: float64","6    9.741401
dtype: float64","6    0.82868
dtype: float64","6    41088.650214
dtype: float64",2023
,공릉,"6    41.884855
dtype: float64","6    547.501822
dtype: float64","6    10.837504
dtype: float64","6    0.831505
dtype: float64","6    20544.176286
dtype: float64",2023
,먹골,"6    24.194618
dtype: float64","6    467.898306
dtype: float64","6    9.003237
dtype: float64","6    0.4
dtype: float64","6    11629.485473
dtype: float64",2023
,중화,"6    35.929388
dtype: float64","6    613.421613
dtype: float64","6    11.639506
dtype: float64","6    0.502291
dtype: float64",,2023
,상봉,"6    35.143401
dtype: float64","6    615.402605
dtype: float64","6    9.600265
dtype: float64","6    1.002659
dtype: float64","6    42795.513965
dtype: float64",2023
,면목,"6    13.276029
dtype: float64","6    499.173163
dtype: float64","6    6.799998
dtype: float64","6    0.331031
dtype: float64","6    19132.877791
dtype: float64",2023
,사가정,"6    35.773198
dtype: float64","6    666.000104
dtype: float64","6    6.488908
dtype: float64","6    0.782468
dtype: float64","6    17077.691907
dtype: float64",2023
,용마산,"6    32.603569
dtype: float64","6    481.07064
dtype: float64","6    10.810395
dtype: float64","6    0.707693
dtype: float64","6    6238.904474
dtype: float64",2023
,중곡,"6    24.083277
dtype: float64","6    497.942612
dtype: float64","6    6.545626
dtype: float64","6    0.645724
dtype: float64","6    21392.91682
dtype: float64",2023
,어린이대공원,"6    24.718023
dtype: float64","6    540.956052
dtype: float64","6    8.750909
dtype: float64","6    0.741446
dtype: float64","6    24178.914203
dtype: float64",2023
,건대입구,"6    25.569149
dtype: float64","6    570.755322
dtype: float64","6    12.600004
dtype: float64","6    0.782113
dtype: float64","6    114226.358805
dtype: float64",2023
,청담,"6    17.463266
dtype: float64",,"6    10.600003
dtype: float64","6    0.767738
dtype: float64","6    17725.991465
dtype: float64",2023
,강남구청,"6    23.619334
dtype: float64","6    585.687307
dtype: float64","6    10.300006
dtype: float64","6    0.701121
dtype: float64","6    44396.149295
dtype: float64",2023
,학동,"6    37.443055
dtype: float64","6    724.000119
dtype: float64","6    10.829015
dtype: float64","6    0.690996
dtype: float64",,2023
,논현,"6    29.395391
dtype: float64","6    573.27133
dtype: float64","6    13.679749
dtype: float64","6    1.020751
dtype: float64","6    16623.98965
dtype: float64",2023
,반포,"6    40.183019
dtype: float64","6    734.000131
dtype: float64","6    10.258165
dtype: float64","6    0.712136
dtype: float64","6    6084.313223
dtype: float64",2023
,내방,"6    34.33892
dtype: float64","6    508.486046
dtype: float64","6    11.600139
dtype: float64","6    0.841534
dtype: float64","6    13825.99374
dtype: float64",2023
,남성,"6    42.112831
dtype: float64","6    690.000117
dtype: float64","6    14.200001
dtype: float64","6    1.539918
dtype: float64",,2023
,숭실대입구,"6    30.694329
dtype: float64","6    478.602145
dtype: float64","6    15.514339
dtype: float64","6    0.459651
dtype: float64","6    19235.501991
dtype: float64",2023
,상도,"6    54.223225
dtype: float64","6    550.00009
dtype: float64","6    8.320364
dtype: float64","6    0.673335
dtype: float64","6    18178.531699
dtype: float64",2023
,장승배기,"6    41.800783
dtype: float64","6    527.204559
dtype: float64","6    17.900144
dtype: float64","6    0.877498
dtype: float64",,2023
,신대방삼거리,"6    37.839006
dtype: float64","6    540.000757
dtype: float64","6    18.248989
dtype: float64","6    0.599999
dtype: float64",,2023
,보라매,"6    38.44333
dtype: float64","6    514.481781
dtype: float64","6    14.751023
dtype: float64","6    0.430614
dtype: float64","6    9474.850745
dtype: float64",2023
,신풍,"6    30.240135
dtype: float64","6    470.778248
dtype: float64","6    9.999999
dtype: float64","6    0.4
dtype: float64","6    20031.972067
dtype: float64",2023
,대림,"6    22.013156
dtype: float64","6    518.039275
dtype: float64","6    12.429993
dtype: float64","6    0.649257
dtype: float64","6    59500.436479
dtype: float64",2023
,남구로,"6    17.905326
dtype: float64","6    519.303258
dtype: float64","6    14.773874
dtype: float64","6    0.737656
dtype: float64","6    16502.993247
dtype: float64",2023
,가산디지털단지,"6    24.460184
dtype: float64","6    596.963395
dtype: float64","6    16.279403
dtype: float64","6    0.650953
dtype: float64",,2023
,철산,"6    29.199946
dtype: float64","6    502.351008
dtype: float64","6    13.654622
dtype: float64","6    0.768629
dtype: float64","6    20751.836537
dtype: float64",2023
,광명사거리,"6    27.269556
dtype: float64","6    535.000056
dtype: float64","6    14.100004
dtype: float64","6    0.539208
dtype: float64","6    25194.186403
dtype: float64",2023
,천왕,"6    61.216871
dtype: float64","6    515.725705
dtype: float64","6    7.2
dtype: float64","6    0.759211
dtype: float64","6    12322.996023
dtype: float64",2023
,온수,"6    37.047977
dtype: float64","6    486.131812
dtype: float64","6    15.600152
dtype: float64","6    0.212633
dtype: float64","6    18489.994648
dtype: float64",2023
,암사,"6    49.618395
dtype: float64","6    425.658565
dtype: float64","6    13.693008
dtype: float64","6    0.661967
dtype: float64","6    31250.99316
dtype: float64",2023
,강동구청,"6    21.516118
dtype: float64","6    545.629134
dtype: float64","6    15.222597
dtype: float64","6    0.447006
dtype: float64",,2023
,몽촌토성,"6    75.434967
dtype: float64","6    492.999994
dtype: float64","6    12.400008
dtype: float64","6    0.693657
dtype: float64","6    9530.93858
dtype: float64",2023
,석촌,"7    53.48284
dtype: float64","7    501.309455
dtype: float64","7    15.128589
dtype: float64","7    0.40285
dtype: float64","7    24384.822062
dtype: float64",2023
,송파,"6    32.942777
dtype: float64","6    525.890104
dtype: float64","6    13.100058
dtype: float64","6   -0.312499
dtype: float64","6    11183.531987
dtype: float64",2023
,문정,"6    38.837452
dtype: float64","6    611.383167
dtype: float64","6    9.056881
dtype: float64","6    0.821344
dtype: float64",,2023
,장지,"6    34.601982
dtype: float64","6    474.679854
dtype: float64","6    38.220806
dtype: float64","6    0.768837
dtype: float64","6    21528.603643
dtype: float64",2023
,복정,"6    25.577006
dtype: float64","6    552.95877
dtype: float64","6    7.804101
dtype: float64","6    0.703083
dtype: float64","6    9921.99761
dtype: float64",2023
,산성,"6    24.561521
dtype: float64","6    400.23591
dtype: float64","6    9.443788
dtype: float64","6    0.399999
dtype: float64","6    6966.99841
dtype: float64",2023
,남한산성입구,"6    18.450815
dtype: float64","6    693.000081
dtype: float64","6    14.685076
dtype: float64","6    1.073687
dtype: float64","6    12485.158285
dtype: float64",2023
,단대오거리,"6    19.712175
dtype: float64","6    469.000015
dtype: float64","6    10.083188
dtype: float64","6    0.841636
dtype: float64","6    19747.450535
dtype: float64",2023
,신흥,"6    33.691166
dtype: float64","6    459.176812
dtype: float64","6    20.200001
dtype: float64","6    1.137305
dtype: float64","6    9408.487682
dtype: float64",2023
,수진,"6    20.827392
dtype: float64","6    424.009216
dtype: float64","6    13.09845
dtype: float64","6    0.691699
dtype: float64","6    9590.201259
dtype: float64",2023
,모란,"6    14.200215
dtype: float64","6    379.279814
dtype: float64","6    11.046984
dtype: float64","6    0.499999
dtype: float64","6    47269.727034
dtype: float64",2023
,녹번,"5    27.758426
dtype: float64","5    430.824402
dtype: float64","5    6.915048
dtype: float64","5    0.643054
dtype: float64","5    16958.917261
dtype: float64",2023
,홍제,"5    47.730263
dtype: float64","5    541.883393
dtype: float64","5    10.075903
dtype: float64","5    0.807407
dtype: float64","5    23055.159712
dtype: float64",2023
,안국,"5    59.214263
dtype: float64","5    447.892566
dtype: float64","5    11.4099
dtype: float64","5    0.583294
dtype: float64","5    33125.369064
dtype: float64",2023
,수서,"5    38.926656
dtype: float64","5    495.265564
dtype: float64","5    5.025824
dtype: float64","5    0.571793
dtype: float64","5    39419.192234
dtype: float64",2023
,일원,"5    56.092732
dtype: float64","5    440.43906
dtype: float64","5    6.124552
dtype: float64","5    0.431315
dtype: float64","5    9445.994314
dtype: float64",2023
,대청,"5    59.863381
dtype: float64","5    453.506746
dtype: float64","5    11.894101
dtype: float64","5    0.353716
dtype: float64","5    10565.694109
dtype: float64",2023
,대치,"5    26.512118
dtype: float64","5    474.373965
dtype: float64","5    7.337089
dtype: float64","5    0.634182
dtype: float64","5    17330.919903
dtype: float64",2023
,도곡,"5    35.84276
dtype: float64","5    474.22455
dtype: float64","5    4.849713
dtype: float64","5    0.456989
dtype: float64","5    12632.198386
dtype: float64",2023
,매봉,"5    21.348127
dtype: float64","5    471.294488
dtype: float64","5    9.622133
dtype: float64","5    0.453706
dtype: float64","5    10416.921781
dtype: float64",2023
,양재,"5    42.433764
dtype: float64","5    505.956207
dtype: float64","5    4.557281
dtype: float64","5    0.251592
dtype: float64","5    34268.4305
dtype: float64",2023
,잠원,"5    60.295343
dtype: float64","5    436.781256
dtype: float64","5    5.315056
dtype: float64","5    0.548596
dtype: float64","5    6516.37557
dtype: float64",2023
,신사,"5    69.93348
dtype: float64","5    518.802611
dtype: float64","5    4.408513
dtype: float64","5    0.776357
dtype: float64","5    41377.431164
dtype: float64",2023
,금호,"5    52.248476
dtype: float64","5    470.911006
dtype: float64","5    8.757332
dtype: float64","5    0.581152
dtype: float64","5    10054.818052
dtype: float64",2023
,쌍문,"5    125.273228
dtype: float64","5    546.930926
dtype: float64","5    6.201404
dtype: float64","5    0.747419
dtype: float64","5    37248.363896
dtype: float64",2023
,수유,"5    95.923972
dtype: float64","5    492.184299
dtype: float64","5    5.998724
dtype: float64","5    1.144454
dtype: float64","5    49746.562389
dtype: float64",2023
,미아,"5    78.822696
dtype: float64","5    491.097718
dtype: float64","5    5.494985
dtype: float64","5    0.87634
dtype: float64","5    20009.332653
dtype: float64",2023
,길음,"5    17.747868
dtype: float64","5    469.980327
dtype: float64","5    6.772605
dtype: float64","5    1.421344
dtype: float64","5    25007.994512
dtype: float64",2023
,혜화,"5    33.203616
dtype: float64","5    514.691542
dtype: float64","5    10.25022
dtype: float64","5    1.276793
dtype: float64","5    56799.297139
dtype: float64",2023
,명동,"5    63.35467
dtype: float64","5    513.275052
dtype: float64","5    12.244296
dtype: float64","5    0.908241
dtype: float64","5    53841.57407
dtype: float64",2023
,회현,"5    58.907246
dtype: float64","5    583.33827
dtype: float64","5    10.387175
dtype: float64","5    1.299559
dtype: float64","5    38547.995635
dtype: float64",2023
,이촌,"5    73.691541
dtype: float64","5    536.790532
dtype: float64","5    8.837074
dtype: float64","5    1.146917
dtype: float64","5    19855.508949
dtype: float64",2023
,미사,,,,,,2023
,하남풍산,,,,,,2023
,강일,,,,,,2023
,하남시청,,,,,,2023
,하남검단산,,,,,,2023
